,season,home_team,away_team,down,game_date,game_half,game_seconds_remaining,play_type,ydstogo,yardline_100
191,2009,ATL,MIA,4.0,2009-09-13,Half1,3271.0,field_goal,6,24.0
199,2009,ATL,MIA,4.0,2009-09-13,Half1,3121.0,punt,18,45.0
209,2009,ATL,MIA,4.0,2009-09-13,Half1,2776.0,punt,11,54.0
232,2009,ATL,MIA,4.0,2009-09-13,Half1,2131.0,punt,6,62.0
237,2009,ATL,MIA,4.0,2009-09-13,Half1,2047.0,punt,1,67.0
251,2009,ATL,MIA,4.0,2009-09-13,Half1,1836.0,field_goal,8,18.0
259,2009,ATL,MIA,4.0,2009-09-13,Half2,1709.0,punt,5,79.0
263,2009,ATL,MIA,4.0,2009-09-13,Half2,1620.0,punt,1,62.0
267,2009,ATL,MIA,4.0,2009-09-13,Half2,1507.0,punt,15,79.0
271,2009,ATL,MIA,4.0,2009-09-13,Half2,1375.0,punt,6,44.0
298,2009,ATL,MIA,4.0,2009-09-13,Half2,745.0,field_goal,15,20.0
302,2009,ATL,MIA,4.0,2009-09-13,Half2,701.0,punt,5,67.0
310,2009,ATL,MIA,4.0,2009-09-13,Half2,458.0,field_goal,5,31.0
324,2009,ATL,MIA,4.0,2009-09-13,Half2,250.0,pass,4,15.0
2755,2009,ATL,CAR,4.0,2009-09-20,Half1,3293.0,field_goal,7,20.0
2762,2009,ATL,CAR,4.0,2009-09-20,Half1,3160.0,punt,7,48.0
2766,2009,ATL,CAR,4.0,2009-09-20,Half1,3102.0,punt,9,94.0
2779,2009,ATL,CAR,4.0,2009-09-20,Half1,2806.0,punt,16,43.0
2819,2009,ATL,CAR,4.0,2009-09-20,Half1,1914.0,field_goal,10,32.0
2849,2009,ATL,CAR,4.0,2009-09-20,Half2,1436.0,run,1,15.0
2864,2009,ATL,CAR,4.0,2009-09-20,Half2,973.0,run,1,21.0
2892,2009,ATL,CAR,4.0,2009-09-20,Half2,346.0,punt,9,80.0
2903,2009,ATL,CAR,4.0,2009-09-20,Half2,164.0,pass,10,17.0
2914,2009,ATL,CAR,4.0,2009-09-20,Half2,41.0,punt,1,73.0
15312,2009,ATL,CHI,4.0,2009-10-18,Half1,3543.0,punt,9,70.0
15330,2009,ATL,CHI,4.0,2009-10-18,Half1,3010.0,punt,1,77.0
15336,2009,ATL,CHI,4.0,2009-10-18,Half1,2852.0,punt,1,54.0
15340,2009,ATL,CHI,4.0,2009-10-18,Half1,2750.0,punt,10,84.0
15353,2009,ATL,CHI,4.0,2009-10-18,Half1,2538.0,punt,16,73.0
15370,2009,ATL,CHI,4.0,2009-10-18,Half1,2123.0,punt,10,46.0
15398,2009,ATL,CHI,4.0,2009-10-18,Half2,1590.0,punt,4,64.0
15405,2009,ATL,CHI,4.0,2009-10-18,Half2,1404.0,punt,4,54.0
15410,2009,ATL,CHI,4.0,2009-10-18,Half2,1346.0,punt,5,78.0
15438,2009,ATL,CHI,4.0,2009-10-18,Half2,606.0,no_play,4,36.0
15478,2009,ATL,CHI,4.0,2009-10-18,Half2,34.0,no_play,1,5.0
15479,2009,ATL,CHI,4.0,2009-10-18,Half2,34.0,pass,6,10.0
20160,2009,ATL,WAS,4.0,2009-11-08,Half1,3323.0,no_play,1,8.0
20168,2009,ATL,WAS,4.0,2009-11-08,Half1,3151.0,punt,17,83.0
20172,2009,ATL,WAS,4.0,2009-11-08,Half1,3036.0,no_play,4,48.0
20189,2009,ATL,WAS,4.0,2009-11-08,Half1,2685.0,punt,10,73.0
20198,2009,ATL,WAS,4.0,2009-11-08,Half1,2394.0,punt,8,50.0
20205,2009,ATL,WAS,4.0,2009-11-08,Half1,2162.0,field_goal,12,30.0
20218,2009,ATL,WAS,4.0,2009-11-08,Half1,1949.0,punt,16,77.0
20236,2009,ATL,WAS,4.0,2009-11-08,Half1,1805.0,field_goal,9,15.0
20251,2009,ATL,WAS,4.0,2009-11-08,Half2,1334.0,run,1,1.0
20257,2009,ATL,WAS,4.0,2009-11-08,Half2,1209.0,punt,1,69.0
20291,2009,ATL,WAS,4.0,2009-11-08,Half2,372.0,pass,1,44.0
20297,2009,ATL,WAS,4.0,2009-11-08,Half2,205.0,punt,12,56.0
20302,2009,ATL,WAS,4.0,2009-11-08,Half2,154.0,pass,2,57.0
28414,2009,ATL,TB,4.0,2009-11-29,Half1,3335.0,punt,10,56.0
28428,2009,ATL,TB,4.0,2009-11-29,Half1,2897.0,punt,14,54.0
28436,2009,ATL,TB,4.0,2009-11-29,Half1,2723.0,no_play,2,61.0
28448,2009,ATL,TB,4.0,2009-11-29,Half1,2449.0,field_goal,16,27.0
28453,2009,ATL,TB,4.0,2009-11-29,Half1,2365.0,punt,2,72.0
28469,2009,ATL,TB,4.0,2009-11-29,Half1,2039.0,punt,14,88.0
28479,2009,ATL,TB,4.0,2009-11-29,Half1,1824.0,no_play,11,16.0
28480,2009,ATL,TB,4.0,2009-11-29,Half1,1824.0,field_goal,16,21.0
28489,2009,ATL,TB,4.0,2009-11-29,Half2,1676.0,punt,2,57.0
28493,2009,ATL,TB,4.0,2009-11-29,Half2,1620.0,punt,9,77.0
28506,2009,ATL,TB,4.0,2009-11-29,Half2,1305.0,field_goal,7,19.0
28512,2009,ATL,TB,4.0,2009-11-29,Half2,1210.0,punt,15,83.0
28524,2009,ATL,TB,4.0,2009-11-29,Half2,900.0,punt,5,47.0
28528,2009,ATL,TB,4.0,2009-11-29,Half2,841.0,punt,9,98.0
28532,2009,ATL,TB,4.0,2009-11-29,Half2,779.0,pass,8,39.0
28537,2009,ATL,TB,4.0,2009-11-29,Half2,659.0,punt,6,42.0
28542,2009,ATL,TB,4.0,2009-11-29,Half2,517.0,punt,23,88.0
28546,2009,ATL,TB,4.0,2009-11-29,Half2,441.0,pass,4,34.0
28550,2009,ATL,TB,4.0,2009-11-29,Half2,403.0,field_goal,10,25.0
28563,2009,ATL,TB,4.0,2009-11-29,Half2,154.0,field_goal,4,33.0
28582,2009,ATL,TB,4.0,2009-11-29,Half2,26.0,pass,5,5.0
30823,2009,ATL,PHI,4.0,2009-12-06,Half1,3549.0,punt,5,68.0
30834,2009,ATL,PHI,4.0,2009-12-06,Half1,3276.0,field_goal,6,15.0
30852,2009,ATL,PHI,4.0,2009-12-06,Half1,2900.0,punt,13,46.0
30861,2009,ATL,PHI,4.0,2009-12-06,Half1,2730.0,field_goal,6,21.0
30868,2009,ATL,PHI,4.0,2009-12-06,Half1,2582.0,punt,6,44.0
30874,2009,ATL,PHI,4.0,2009-12-06,Half1,2461.0,punt,6,61.0
30878,2009,ATL,PHI,4.0,2009-12-06,Half1,2378.0,punt,7,72.0
30884,2009,ATL,PHI,4.0,2009-12-06,Half1,2291.0,field_goal,10,15.0
30891,2009,ATL,PHI,4.0,2009-12-06,Half1,2206.0,punt,6,40.0
30895,2009,ATL,PHI,4.0,2009-12-06,Half1,2132.0,punt,13,94.0
30899,2009,ATL,PHI,4.0,2009-12-06,Half1,2041.0,pass,4,39.0
30910,2009,ATL,PHI,4.0,2009-12-06,Half1,1821.0,run,2,2.0
30919,2009,ATL,PHI,4.0,2009-12-06,Half2,1650.0,run,1,46.0
30935,2009,ATL,PHI,4.0,2009-12-06,Half2,1259.0,pass,2,32.0
30940,2009,ATL,PHI,4.0,2009-12-06,Half2,1133.0,pass,5,22.0
30964,2009,ATL,PHI,4.0,2009-12-06,Half2,698.0,punt,10,80.0
30972,2009,ATL,PHI,4.0,2009-12-06,Half2,380.0,no_play,1,36.0
30973,2009,ATL,PHI,4.0,2009-12-06,Half2,378.0,,6,
30974,2009,ATL,PHI,4.0,2009-12-06,Half2,378.0,punt,6,40.0
33661,2009,ATL,NO,4.0,2009-12-13,Half1,3331.0,field_goal,8,18.0
33670,2009,ATL,NO,4.0,2009-12-13,Half1,3063.0,field_goal,6,15.0
33680,2009,ATL,NO,4.0,2009-12-13,Half1,2736.0,field_goal,2,12.0
33701,2009,ATL,NO,4.0,2009-12-13,Half1,2257.0,punt,8,67.0
33732,2009,ATL,NO,4.0,2009-12-13,Half1,1804.0,field_goal,4,8.0
33762,2009,ATL,NO,4.0,2009-12-13,Half2,1106.0,punt,1,56.0
33793,2009,ATL,NO,4.0,2009-12-13,Half2,286.0,field_goal,20,20.0
33803,2009,ATL,NO,4.0,2009-12-13,Half2,131.0,pass,7,15.0
33813,2009,ATL,NO,4.0,2009-12-13,Half2,78.0,pass,2,46.0
39232,2009,ATL,BUF,4.0,2009-12-27,Half1,3488.0,punt,15,88.0
39240,2009,ATL,BUF,4.0,2009-12-27,Half1,3383.0,punt,3,76.0
39249,2009,ATL,BUF,4.0,2009-12-27,Half1,3169.0,punt,10,57.0
39255,2009,ATL,BUF,4.0,2009-12-27,Half1,3007.0,punt,1,58.0
39271,2009,ATL,BUF,4.0,2009-12-27,Half1,2669.0,field_goal,33,33.0
39279,2009,ATL,BUF,4.0,2009-12-27,Half1,2538.0,punt,4,64.0
39285,2009,ATL,BUF,4.0,2009-12-27,Half1,2413.0,punt,8,65.0
39295,2009,ATL,BUF,4.0,2009-12-27,Half1,2178.0,punt,8,73.0
39309,2009,ATL,BUF,4.0,2009-12-27,Half1,1909.0,punt,3,37.0
39330,2009,ATL,BUF,4.0,2009-12-27,Half2,1651.0,punt,9,46.0
39334,2009,ATL,BUF,4.0,2009-12-27,Half2,1563.0,punt,8,88.0
39339,2009,ATL,BUF,4.0,2009-12-27,Half2,1466.0,pass,12,29.0
39358,2009,ATL,BUF,4.0,2009-12-27,Half2,1023.0,field_goal,4,23.0
39367,2009,ATL,BUF,4.0,2009-12-27,Half2,834.0,pass,4,31.0
39372,2009,ATL,BUF,4.0,2009-12-27,Half2,712.0,punt,14,73.0
39381,2009,ATL,BUF,4.0,2009-12-27,Half2,396.0,pass,1,23.0
39394,2009,ATL,BUF,4.0,2009-12-27,Half2,73.0,run,1,15.0
48616,2010,ATL,ARI,4.0,2010-09-19,Half1,3094.0,punt,3,62.0
48624,2010,ATL,ARI,4.0,2010-09-19,Half1,2902.0,punt,4,41.0
48637,2010,ATL,ARI,4.0,2010-09-19,Half1,2590.0,field_goal,6,6.0
48659,2010,ATL,ARI,4.0,2010-09-19,Half1,2256.0,punt,11,50.0
48681,2010,ATL,ARI,4.0,2010-09-19,Half1,1843.0,field_goal,3,36.0
48687,2010,ATL,ARI,4.0,2010-09-19,Half1,1801.0,pass,16,60.0
48702,2010,ATL,ARI,4.0,2010-09-19,Half2,1541.0,punt,4,55.0
48714,2010,ATL,ARI,4.0,2010-09-19,Half2,1263.0,run,1,21.0
48718,2010,ATL,ARI,4.0,2010-09-19,Half2,1141.0,field_goal,8,17.0
48725,2010,ATL,ARI,4.0,2010-09-19,Half2,1010.0,punt,1,75.0
48735,2010,ATL,ARI,4.0,2010-09-19,Half2,737.0,punt,4,48.0
48741,2010,ATL,ARI,4.0,2010-09-19,Half2,592.0,punt,6,52.0
48760,2010,ATL,ARI,4.0,2010-09-19,Half2,32.0,qb_kneel,10,10.0
53796,2010,ATL,SF,4.0,2010-10-03,Half1,3440.0,punt,4,46.0
53807,2010,ATL,SF,4.0,2010-10-03,Half1,3128.0,run,1,13.0
53814,2010,ATL,SF,4.0,2010-10-03,Half1,2971.0,punt,6,88.0
53836,2010,ATL,SF,4.0,2010-10-03,Half1,2412.0,punt,8,74.0
53851,2010,ATL,SF,4.0,2010-10-03,Half1,2035.0,punt,4,60.0
53856,2010,ATL,SF,4.0,2010-10-03,Half1,1973.0,punt,11,84.0
53872,2010,ATL,SF,4.0,2010-10-03,Half1,1836.0,run,1,10.0
53877,2010,ATL,SF,4.0,2010-10-03,Half1,1814.0,field_goal,18,18.0
53896,2010,ATL,SF,4.0,2010-10-03,Half2,1252.0,field_goal,12,13.0
53901,2010,ATL,SF,4.0,2010-10-03,Half2,1154.0,punt,4,74.0
53905,2010,ATL,SF,4.0,2010-10-03,Half2,1063.0,punt,6,69.0
53911,2010,ATL,SF,4.0,2010-10-03,Half2,908.0,punt,2,48.0
53920,2010,ATL,SF,4.0,2010-10-03,Half2,1533.0,punt,4,43.0
53936,2010,ATL,SF,4.0,2010-10-03,Half2,225.0,punt,14,44.0
60328,2010,ATL,CIN,4.0,2010-10-24,Half1,3142.0,punt,3,46.0
60333,2010,ATL,CIN,4.0,2010-10-24,Half1,3002.0,punt,6,87.0
60343,2010,ATL,CIN,4.0,2010-10-24,Half1,2726.0,field_goal,2,2.0
60353,2010,ATL,CIN,4.0,2010-10-24,Half1,2615.0,field_goal,7,27.0
60358,2010,ATL,CIN,4.0,2010-10-24,Half1,2582.0,punt,10,78.0
60378,2010,ATL,CIN,4.0,2010-10-24,Half1,2203.0,punt,22,58.0
60388,2010,ATL,CIN,4.0,2010-10-24,Half1,1920.0,run,1,5.0
60416,2010,ATL,CIN,4.0,2010-10-24,Half2,1478.0,field_goal,2,15.0
60423,2010,ATL,CIN,4.0,2010-10-24,Half2,1326.0,punt,6,58.0
60494,2010,ATL,CIN,4.0,2010-10-24,Half2,35.0,,10,
60495,2010,ATL,CIN,4.0,2010-10-24,Half2,35.0,punt,10,36.0
66171,2010,ATL,TB,4.0,2010-11-07,Half1,3404.0,pass,2,34.0
66192,2010,ATL,TB,4.0,2010-11-07,Half1,2867.0,punt,10,39.0
66223,2010,ATL,TB,4.0,2010-11-07,Half1,2131.0,field_goal,3,13.0
66239,2010,ATL,TB,4.0,2010-11-07,Half1,1864.0,punt,10,62.0
66244,2010,ATL,TB,4.0,2010-11-07,Half1,1841.0,punt,9,71.0
66270,2010,ATL,TB,4.0,2010-11-07,Half2,1307.0,punt,8,56.0
66282,2010,ATL,TB,4.0,2010-11-07,Half2,950.0,field_goal,11,23.0
66289,2010,ATL,TB,4.0,2010-11-07,Half2,848.0,,8,
66290,2010,ATL,TB,4.0,2010-11-07,Half2,847.0,punt,8,37.0
66301,2010,ATL,TB,4.0,2010-11-07,Half2,611.0,punt,12,38.0
66316,2010,ATL,TB,4.0,2010-11-07,Half2,164.0,run,1,2.0
67406,2010,ATL,BAL,4.0,2010-11-11,Half1,3321.0,punt,5,42.0
67412,2010,ATL,BAL,4.0,2010-11-11,Half1,3192.0,punt,5,65.0
67416,2010,ATL,BAL,4.0,2010-11-11,Half1,3097.0,punt,3,65.0
67423,2010,ATL,BAL,4.0,2010-11-11,Half1,2889.0,punt,4,59.0
67446,2010,ATL,BAL,4.0,2010-11-11,Half1,2328.0,punt,3,54.0
67453,2010,ATL,BAL,4.0,2010-11-11,Half1,2102.0,punt,6,73.0
67470,2010,ATL,BAL,4.0,2010-11-11,Half1,1821.0,field_goal,6,10.0
67481,2010,ATL,BAL,4.0,2010-11-11,Half2,1676.0,field_goal,4,33.0
67502,2010,ATL,BAL,4.0,2010-11-11,Half2,1069.0,punt,6,53.0
67508,2010,ATL,BAL,4.0,2010-11-11,Half2,1016.0,punt,10,58.0
67542,2010,ATL,BAL,4.0,2010-11-11,Half2,199.0,no_play,4,58.0
67543,2010,ATL,BAL,4.0,2010-11-11,Half2,186.0,punt,9,63.0
74162,2010,ATL,GB,4.0,2010-11-28,Half1,3276.0,field_goal,6,20.0
74167,2010,ATL,GB,4.0,2010-11-28,Half1,3148.0,punt,1,80.0
74171,2010,ATL,GB,4.0,2010-11-28,Half1,3010.0,punt,13,71.0
74181,2010,ATL,GB,4.0,2010-11-28,Half1,2707.0,field_goal,1,4.0
74186,2010,ATL,GB,4.0,2010-11-28,Half1,2609.0,punt,3,65.0
74206,2010,ATL,GB,4.0,2010-11-28,Half1,2011.0,pass,3,36.0
74220,2010,ATL,GB,4.0,2010-11-28,Half2,1689.0,punt,2,60.0
74226,2010,ATL,GB,4.0,2010-11-28,Half2,1517.0,punt,5,55.0
74251,2010,ATL,GB,4.0,2010-11-28,Half2,867.0,run,1,1.0
74262,2010,ATL,GB,4.0,2010-11-28,Half2,560.0,pass,1,41.0
74268,2010,ATL,GB,4.0,2010-11-28,Half2,365.0,punt,4,38.0
74281,2010,ATL,GB,4.0,2010-11-28,Half2,131.0,pass,1,21.0
74285,2010,ATL,GB,4.0,2010-11-28,Half2,66.0,no_play,5,5.0
74286,2010,ATL,GB,4.0,2010-11-28,Half2,66.0,pass,10,10.0
74296,2010,ATL,GB,4.0,2010-11-28,Half2,13.0,field_goal,3,29.0
86230,2010,ATL,NO,4.0,2010-12-27,Half1,3525.0,punt,5,75.0
86234,2010,ATL,NO,4.0,2010-12-27,Half1,3470.0,punt,10,73.0
86239,2010,ATL,NO,4.0,2010-12-27,Half1,3343.0,punt,8,45.0
86243,2010,ATL,NO,4.0,2010-12-27,Half1,3248.0,punt,7,92.0
86247,2010,ATL,NO,4.0,2010-12-27,Half1,3162.0,punt,3,53.0
86253,2010,ATL,NO,4.0,2010-12-27,Half1,3029.0,punt,3,55.0
86261,2010,ATL,NO,4.0,2010-12-27,Half1,2766.0,field_goal,6,34.0
86291,2010,ATL,NO,4.0,2010-12-27,Half1,2167.0,punt,5,77.0
86296,2010,ATL,NO,4.0,2010-12-27,Half1,2068.0,punt,9,69.0
86310,2010,ATL,NO,4.0,2010-12-27,Half1,1829.0,punt,16,46.0
86330,2010,ATL,NO,4.0,2010-12-27,Half2,1359.0,punt,2,78.0
86338,2010,ATL,NO,4.0,2010-12-27,Half2,1213.0,punt,10,55.0
86345,2010,ATL,NO,4.0,2010-12-27,Half2,1051.0,punt,6,62.0
86349,2010,ATL,NO,4.0,2010-12-27,Half2,937.0,punt,2,68.0
86365,2010,ATL,NO,4.0,2010-12-27,Half2,641.0,punt,9,42.0
86386,2010,ATL,NO,4.0,2010-12-27,Half2,172.0,punt,6,57.0
88464,2010,ATL,CAR,4.0,2011-01-02,Half1,3220.0,punt,6,81.0
88475,2010,ATL,CAR,4.0,2011-01-02,Half1,2980.0,punt,7,94.0
88480,2010,ATL,CAR,4.0,2011-01-02,Half1,2843.0,punt,11,88.0
88489,2010,ATL,CAR,4.0,2011-01-02,Half1,2655.0,pass,3,4.0
88503,2010,ATL,CAR,4.0,2011-01-02,Half1,2301.0,run,1,26.0
88508,2010,ATL,CAR,4.0,2011-01-02,Half1,2176.0,punt,6,51.0
88512,2010,ATL,CAR,4.0,2011-01-02,Half1,2085.0,punt,4,85.0
88521,2010,ATL,CAR,4.0,2011-01-02,Half1,1910.0,pass,2,45.0
88542,2010,ATL,CAR,4.0,2011-01-02,Half2,1654.0,field_goal,2,5.0
88549,2010,ATL,CAR,4.0,2011-01-02,Half2,1490.0,field_goal,9,29.0
88574,2010,ATL,CAR,4.0,2011-01-02,Half2,900.0,punt,2,60.0
88581,2010,ATL,CAR,4.0,2011-01-02,Half2,686.0,punt,1,56.0
88585,2010,ATL,CAR,4.0,2011-01-02,Half2,658.0,punt,20,90.0
88592,2010,ATL,CAR,4.0,2011-01-02,Half2,505.0,punt,4,37.0
88596,2010,ATL,CAR,4.0,2011-01-02,Half2,408.0,punt,3,82.0
88603,2010,ATL,CAR,4.0,2011-01-02,Half2,211.0,punt,13,61.0
94593,2011,ATL,PHI,4.0,2011-09-18,Half1,3446.0,punt,2,60.0
94602,2011,ATL,PHI,4.0,2011-09-18,Half1,3181.0,punt,12,55.0
94606,2011,ATL,PHI,4.0,2011-09-18,Half1,3116.0,punt,8,79.0
94636,2011,ATL,PHI,4.0,2011-09-18,Half1,2386.0,punt,14,84.0
94643,2011,ATL,PHI,4.0,2011-09-18,Half1,2209.0,field_goal,1,3.0
94648,2011,ATL,PHI,4.0,2011-09-18,Half1,2102.0,punt,7,69.0
94677,2011,ATL,PHI,4.0,2011-09-18,Half2,1688.0,punt,5,75.0
94699,2011,ATL,PHI,4.0,2011-09-18,Half2,1316.0,punt,11,82.0
94705,2011,ATL,PHI,4.0,2011-09-18,Half2,1242.0,punt,7,43.0
94709,2011,ATL,PHI,4.0,2011-09-18,Half2,1150.0,punt,9,98.0
94739,2011,ATL,PHI,4.0,2011-09-18,Half2,500.0,punt,1,52.0
94759,2011,ATL,PHI,4.0,2011-09-18,Half2,105.0,pass,4,22.0
94765,2011,ATL,PHI,4.0,2011-09-18,Half2,15.0,punt,14,82.0
102630,2011,ATL,GB,4.0,2011-10-09,Half1,2129.0,field_goal,14,14.0
102636,2011,ATL,GB,4.0,2011-10-09,Half1,2072.0,punt,20,90.0
102647,2011,ATL,GB,4.0,2011-10-09,Half1,1813.0,field_goal,12,17.0
102655,2011,ATL,GB,4.0,2011-10-09,Half2,1713.0,punt,6,78.0
102664,2011,ATL,GB,4.0,2011-10-09,Half2,1429.0,punt,12,40.0
102672,2011,ATL,GB,4.0,2011-10-09,Half2,1233.0,field_goal,5,39.0
102678,2011,ATL,GB,4.0,2011-10-09,Half2,1144.0,punt,4,74.0
102685,2011,ATL,GB,4.0,2011-10-09,Half2,1041.0,punt,15,85.0
102700,2011,ATL,GB,4.0,2011-10-09,Half2,827.0,punt,7,75.0
102708,2011,ATL,GB,4.0,2011-10-09,Half2,676.0,punt,11,59.0
102731,2011,ATL,GB,4.0,2011-10-09,Half2,74.0,field_goal,10,12.0
103976,2011,ATL,CAR,4.0,2011-10-16,Half1,3413.0,punt,3,50.0
103991,2011,ATL,CAR,4.0,2011-10-16,Half1,2998.0,no_play,3,19.0
103992,2011,ATL,CAR,4.0,2011-10-16,Half1,2998.0,field_goal,8,24.0
104045,2011,ATL,CAR,4.0,2011-10-16,Half1,1808.0,punt,3,68.0
104068,2011,ATL,CAR,4.0,2011-10-16,Half2,1141.0,punt,6,62.0
104072,2011,ATL,CAR,4.0,2011-10-16,Half2,1058.0,punt,17,91.0
104083,2011,ATL,CAR,4.0,2011-10-16,Half2,855.0,field_goal,6,6.0
104089,2011,ATL,CAR,4.0,2011-10-16,Half2,755.0,punt,3,73.0
104124,2011,ATL,CAR,4.0,2011-10-16,Half2,19.0,pass,1,28.0
113790,2011,ATL,NO,4.0,2011-11-13,Half1,3084.0,field_goal,16,19.0
113799,2011,ATL,NO,4.0,2011-11-13,Half1,2873.0,field_goal,7,35.0
113804,2011,ATL,NO,4.0,2011-11-13,Half1,2780.0,punt,1,71.0
113808,2011,ATL,NO,4.0,2011-11-13,Half1,2694.0,punt,8,88.0
113817,2011,ATL,NO,4.0,2011-11-13,Half1,2369.0,field_goal,5,11.0
113825,2011,ATL,NO,4.0,2011-11-13,Half1,2198.0,punt,5,48.0
113830,2011,ATL,NO,4.0,2011-11-13,Half1,2030.0,punt,17,82.0
113839,2011,ATL,NO,4.0,2011-11-13,Half1,1916.0,punt,1,71.0
113843,2011,ATL,NO,4.0,2011-11-13,Half1,1877.0,punt,3,45.0
113865,2011,ATL,NO,4.0,2011-11-13,Half2,1577.0,field_goal,4,22.0
113874,2011,ATL,NO,4.0,2011-11-13,Half2,1262.0,run,1,26.0
113899,2011,ATL,NO,4.0,2011-11-13,Half2,722.0,field_goal,25,30.0
113905,2011,ATL,NO,4.0,2011-11-13,Half2,655.0,punt,7,53.0
113914,2011,ATL,NO,4.0,2011-11-13,Half2,438.0,field_goal,4,26.0
113923,2011,ATL,NO,4.0,2011-11-13,Half2,269.0,pass,3,45.0
113938,2011,ATL,NO,4.0,2011-11-13,Half2,127.0,no_play,5,27.0
113939,2011,ATL,NO,4.0,2011-11-13,Half2,122.0,punt,15,37.0
113955,2011,ATL,NO,4.0,2011-11-13,Half2,4.0,field_goal,9,9.0
113960,2011,ATL,NO,4.0,2011-11-13,Overtime,848.0,punt,2,72.0
113964,2011,ATL,NO,4.0,2011-11-13,Overtime,734.0,punt,1,64.0
113970,2011,ATL,NO,4.0,2011-11-13,Overtime,652.0,run,1,71.0
115374,2011,ATL,TEN,4.0,2011-11-20,Half1,3510.0,punt,7,90.0
115404,2011,ATL,TEN,4.0,2011-11-20,Half1,2652.0,field_goal,1,1.0
115413,2011,ATL,TEN,4.0,2011-11-20,Half1,2476.0,punt,16,67.0
115421,2011,ATL,TEN,4.0,2011-11-20,Half1,2243.0,field_goal,8,15.0
115432,2011,ATL,TEN,4.0,2011-11-20,Half1,2021.0,punt,14,66.0
115441,2011,ATL,TEN,4.0,2011-11-20,Half1,1868.0,punt,2,37.0
115470,2011,ATL,TEN,4.0,2011-11-20,Half2,1504.0,punt,6,60.0
115476,2011,ATL,TEN,4.0,2011-11-20,Half2,1304.0,run,1,36.0
115482,2011,ATL,TEN,4.0,2011-11-20,Half2,1091.0,field_goal,6,6.0
115496,2011,ATL,TEN,4.0,2011-11-20,Half2,872.0,punt,9,57.0
115503,2011,ATL,TEN,4.0,2011-11-20,Half2,738.0,punt,10,72.0
115512,2011,ATL,TEN,4.0,2011-11-20,Half2,431.0,no_play,1,13.0
115523,2011,ATL,TEN,4.0,2011-11-20,Half2,280.0,pass,17,58.0
118523,2011,ATL,MIN,4.0,2011-11-27,Half1,3513.0,punt,3,71.0
118527,2011,ATL,MIN,4.0,2011-11-27,Half1,3416.0,punt,14,67.0
118547,2011,ATL,MIN,4.0,2011-11-27,Half1,2901.0,punt,1,55.0
118559,2011,ATL,MIN,4.0,2011-11-27,Half1,2612.0,punt,18,62.0
118565,2011,ATL,MIN,4.0,2011-11-27,Half1,2419.0,punt,7,75.0
118584,2011,ATL,MIN,4.0,2011-11-27,Half1,1936.0,punt,15,71.0
118592,2011,ATL,MIN,4.0,2011-11-27,Half1,1842.0,field_goal,5,19.0
118607,2011,ATL,MIN,4.0,2011-11-27,Half2,1748.0,punt,9,82.0
118611,2011,ATL,MIN,4.0,2011-11-27,Half2,1619.0,punt,1,53.0
118633,2011,ATL,MIN,4.0,2011-11-27,Half2,930.0,punt,4,57.0
118638,2011,ATL,MIN,4.0,2011-11-27,Half2,858.0,punt,8,78.0
118643,2011,ATL,MIN,4.0,2011-11-27,Half2,800.0,pass,13,39.0
118649,2011,ATL,MIN,4.0,2011-11-27,Half2,731.0,punt,4,74.0
118653,2011,ATL,MIN,4.0,2011-11-27,Half2,647.0,punt,5,74.0
118669,2011,ATL,MIN,4.0,2011-11-27,Half2,262.0,run,1,1.0
126189,2011,ATL,JAX,4.0,2011-12-15,Half1,3244.0,punt,6,76.0
126199,2011,ATL,JAX,4.0,2011-12-15,Half1,2911.0,no_play,1,10.0
126200,2011,ATL,JAX,4.0,2011-12-15,Half1,2902.0,field_goal,6,15.0
126209,2011,ATL,JAX,4.0,2011-12-15,Half1,2700.0,punt,11,73.0
126214,2011,ATL,JAX,4.0,2011-12-15,Half1,2599.0,punt,8,63.0
126222,2011,ATL,JAX,4.0,2011-12-15,Half1,2487.0,punt,11,38.0
126230,2011,ATL,JAX,4.0,2011-12-15,Half1,2292.0,punt,11,64.0
126234,2011,ATL,JAX,4.0,2011-12-15,Half1,2157.0,punt,1,79.0
126256,2011,ATL,JAX,4.0,2011-12-15,Half1,1803.0,field_goal,4,13.0
126265,2011,ATL,JAX,4.0,2011-12-15,Half2,1614.0,punt,8,66.0
126280,2011,ATL,JAX,4.0,2011-12-15,Half2,1190.0,punt,22,92.0
126284,2011,ATL,JAX,4.0,2011-12-15,Half2,1044.0,punt,3,42.0
126289,2011,ATL,JAX,4.0,2011-12-15,Half2,947.0,punt,6,73.0
126294,2011,ATL,JAX,4.0,2011-12-15,Half2,897.0,punt,4,74.0
126298,2011,ATL,JAX,4.0,2011-12-15,Half2,762.0,punt,1,60.0
126317,2011,ATL,JAX,4.0,2011-12-15,Half2,201.0,run,10,18.0
133517,2011,ATL,TB,4.0,2012-01-01,Half1,3093.0,punt,15,85.0
133544,2011,ATL,TB,4.0,2012-01-01,Half1,2503.0,run,1,1.0
133557,2011,ATL,TB,4.0,2012-01-01,Half1,2267.0,punt,15,56.0
133588,2011,ATL,TB,4.0,2012-01-01,Half2,1682.0,punt,6,65.0
133595,2011,ATL,TB,4.0,2012-01-01,Half2,1496.0,punt,1,67.0
133606,2011,ATL,TB,4.0,2012-01-01,Half2,1164.0,field_goal,13,23.0
133615,2011,ATL,TB,4.0,2012-01-01,Half2,988.0,punt,8,66.0
133640,2011,ATL,TB,4.0,2012-01-01,Half2,373.0,pass,2,90.0
133644,2011,ATL,TB,4.0,2012-01-01,Half2,242.0,field_goal,2,2.0
140025,2012,ATL,DEN,4.0,2012-09-17,Half1,3291.0,field_goal,12,19.0
140037,2012,ATL,DEN,4.0,2012-09-17,Half1,3035.0,punt,9,52.0
140042,2012,ATL,DEN,4.0,2012-09-17,Half1,2877.0,punt,1,50.0
140046,2012,ATL,DEN,4.0,2012-09-17,Half1,2791.0,punt,3,82.0
140063,2012,ATL,DEN,4.0,2012-09-17,Half1,2410.0,field_goal,2,24.0
140069,2012,ATL,DEN,4.0,2012-09-17,Half1,2331.0,punt,2,72.0
140087,2012,ATL,DEN,4.0,2012-09-17,Half1,1970.0,no_play,1,43.0
140110,2012,ATL,DEN,4.0,2012-09-17,Half2,1583.0,punt,4,40.0
140114,2012,ATL,DEN,4.0,2012-09-17,Half2,1538.0,punt,9,86.0
140127,2012,ATL,DEN,4.0,2012-09-17,Half2,1257.0,punt,1,71.0
140137,2012,ATL,DEN,4.0,2012-09-17,Half2,1019.0,punt,1,59.0
140160,2012,ATL,DEN,4.0,2012-09-17,Half2,587.0,punt,16,86.0
140166,2012,ATL,DEN,4.0,2012-09-17,Half2,452.0,punt,19,55.0
140170,2012,ATL,DEN,4.0,2012-09-17,Half2,385.0,punt,7,94.0
140179,2012,ATL,DEN,4.0,2012-09-17,Half2,209.0,run,2,2.0
144058,2012,ATL,CAR,4.0,2012-09-30,Half1,3566.0,punt,21,91.0
144087,2012,ATL,CAR,4.0,2012-09-30,Half1,2823.0,punt,9,67.0
144099,2012,ATL,CAR,4.0,2012-09-30,Half1,2596.0,field_goal,14,23.0
144113,2012,ATL,CAR,4.0,2012-09-30,Half1,2244.0,punt,3,73.0
144117,2012,ATL,CAR,4.0,2012-09-30,Half1,2144.0,punt,5,76.0
144145,2012,ATL,CAR,4.0,2012-09-30,Half2,1621.0,punt,9,69.0
144172,2012,ATL,CAR,4.0,2012-09-30,Half2,942.0,punt,16,72.0
144178,2012,ATL,CAR,4.0,2012-09-30,Half2,860.0,punt,5,62.0
144186,2012,ATL,CAR,4.0,2012-09-30,Half2,685.0,punt,11,42.0
144204,2012,ATL,CAR,4.0,2012-09-30,Half2,300.0,field_goal,12,15.0
144209,2012,ATL,CAR,4.0,2012-09-30,Half2,205.0,punt,8,78.0
144213,2012,ATL,CAR,4.0,2012-09-30,Half2,154.0,punt,11,72.0
144223,2012,ATL,CAR,4.0,2012-09-30,Half2,104.0,no_play,1,45.0
144224,2012,ATL,CAR,4.0,2012-09-30,Half2,69.0,punt,6,50.0
148473,2012,ATL,OAK,4.0,2012-10-14,Half1,3302.0,field_goal,3,25.0
148482,2012,ATL,OAK,4.0,2012-10-14,Half1,3025.0,punt,8,40.0
148493,2012,ATL,OAK,4.0,2012-10-14,Half1,2728.0,field_goal,20,33.0
148518,2012,ATL,OAK,4.0,2012-10-14,Half1,2055.0,field_goal,4,4.0
148534,2012,ATL,OAK,4.0,2012-10-14,Half1,1854.0,punt,2,70.0
148541,2012,ATL,OAK,4.0,2012-10-14,Half2,1717.0,punt,6,76.0
148545,2012,ATL,OAK,4.0,2012-10-14,Half2,1624.0,punt,5,74.0
148553,2012,ATL,OAK,4.0,2012-10-14,Half2,1423.0,no_play,7,57.0
148562,2012,ATL,OAK,4.0,2012-10-14,Half2,1210.0,field_goal,10,23.0
148570,2012,ATL,OAK,4.0,2012-10-14,Half2,1055.0,field_goal,2,2.0
148580,2012,ATL,OAK,4.0,2012-10-14,Half2,883.0,punt,5,48.0
148584,2012,ATL,OAK,4.0,2012-10-14,Half2,824.0,punt,9,89.0
148593,2012,ATL,OAK,4.0,2012-10-14,Half2,529.0,punt,13,51.0
148599,2012,ATL,OAK,4.0,2012-10-14,Half2,386.0,punt,1,55.0
157733,2012,ATL,DAL,4.0,2012-11-04,Half1,3547.0,punt,9,78.0
157740,2012,ATL,DAL,4.0,2012-11-04,Half1,3349.0,field_goal,5,5.0
157751,2012,ATL,DAL,4.0,2012-11-04,Half1,3080.0,field_goal,3,19.0
157759,2012,ATL,DAL,4.0,2012-11-04,Half1,2927.0,field_goal,6,14.0
157768,2012,ATL,DAL,4.0,2012-11-04,Half1,2659.0,field_goal,5,27.0
157780,2012,ATL,DAL,4.0,2012-11-04,Half1,2377.0,field_goal,7,36.0
157788,2012,ATL,DAL,4.0,2012-11-04,Half1,2184.0,punt,3,36.0
157800,2012,ATL,DAL,4.0,2012-11-04,Half1,1871.0,punt,1,51.0
157818,2012,ATL,DAL,4.0,2012-11-04,Half2,1608.0,punt,16,53.0
157828,2012,ATL,DAL,4.0,2012-11-04,Half2,1308.0,field_goal,11,25.0
157836,2012,ATL,DAL,4.0,2012-11-04,Half2,1082.0,no_play,13,59.0
157837,2012,ATL,DAL,4.0,2012-11-04,Half2,1070.0,punt,18,64.0
157850,2012,ATL,DAL,4.0,2012-11-04,Half2,769.0,punt,3,73.0
157859,2012,ATL,DAL,4.0,2012-11-04,Half2,473.0,field_goal,10,18.0
157887,2012,ATL,DAL,4.0,2012-11-04,Half2,22.0,field_goal,2,14.0
161068,2012,ATL,ARI,4.0,2012-11-18,Half1,3492.0,punt,10,80.0
161073,2012,ATL,ARI,4.0,2012-11-18,Half1,3363.0,field_goal,10,30.0
161079,2012,ATL,ARI,4.0,2012-11-18,Half1,3201.0,punt,1,58.0
161083,2012,ATL,ARI,4.0,2012-11-18,Half1,3099.0,punt,10,97.0
161092,2012,ATL,ARI,4.0,2012-11-18,Half1,2931.0,punt,5,69.0
161099,2012,ATL,ARI,4.0,2012-11-18,Half1,2766.0,field_goal,1,9.0
161115,2012,ATL,ARI,4.0,2012-11-18,Half1,2384.0,field_goal,2,33.0
161124,2012,ATL,ARI,4.0,2012-11-18,Half1,2216.0,punt,13,38.0
161135,2012,ATL,ARI,4.0,2012-11-18,Half1,1916.0,field_goal,10,10.0
161145,2012,ATL,ARI,4.0,2012-11-18,Half1,1837.0,field_goal,5,20.0
161168,2012,ATL,ARI,4.0,2012-11-18,Half2,1461.0,punt,21,60.0
161180,2012,ATL,ARI,4.0,2012-11-18,Half2,1217.0,punt,14,62.0
161184,2012,ATL,ARI,4.0,2012-11-18,Half2,1123.0,punt,6,91.0
161188,2012,ATL,ARI,4.0,2012-11-18,Half2,1019.0,punt,3,55.0
161194,2012,ATL,ARI,4.0,2012-11-18,Half2,900.0,field_goal,3,9.0
161202,2012,ATL,ARI,4.0,2012-11-18,Half2,712.0,punt,2,56.0
161206,2012,ATL,ARI,4.0,2012-11-18,Half2,592.0,punt,1,77.0
161219,2012,ATL,ARI,4.0,2012-11-18,Half2,313.0,punt,19,86.0
161226,2012,ATL,ARI,4.0,2012-11-18,Half2,193.0,pass,2,24.0
165950,2012,ATL,NO,4.0,2012-11-29,Half1,3176.0,punt,7,77.0
165957,2012,ATL,NO,4.0,2012-11-29,Half1,3006.0,punt,2,48.0
165963,2012,ATL,NO,4.0,2012-11-29,Half1,2905.0,punt,10,68.0
165967,2012,ATL,NO,4.0,2012-11-29,Half1,2808.0,punt,2,80.0
165981,2012,ATL,NO,4.0,2012-11-29,Half1,2513.0,punt,15,80.0
165985,2012,ATL,NO,4.0,2012-11-29,Half1,2406.0,punt,1,63.0
165990,2012,ATL,NO,4.0,2012-11-29,Half1,2338.0,field_goal,8,27.0
166012,2012,ATL,NO,4.0,2012-11-29,Half1,1944.0,punt,1,71.0
166038,2012,ATL,NO,4.0,2012-11-29,Half2,1408.0,field_goal,3,3.0
166044,2012,ATL,NO,4.0,2012-11-29,Half2,1313.0,punt,7,80.0
166052,2012,ATL,NO,4.0,2012-11-29,Half2,1138.0,field_goal,2,34.0
166057,2012,ATL,NO,4.0,2012-11-29,Half2,1113.0,punt,10,80.0
166069,2012,ATL,NO,4.0,2012-11-29,Half2,893.0,field_goal,11,11.0
166079,2012,ATL,NO,4.0,2012-11-29,Half2,614.0,punt,11,42.0
166091,2012,ATL,NO,4.0,2012-11-29,Half2,269.0,field_goal,8,37.0
172005,2012,ATL,NYG,4.0,2012-12-16,Half1,3149.0,field_goal,3,12.0
172021,2012,ATL,NYG,4.0,2012-12-16,Half1,2734.0,punt,9,79.0
172028,2012,ATL,NYG,4.0,2012-12-16,Half1,2575.0,punt,4,59.0
172035,2012,ATL,NYG,4.0,2012-12-16,Half1,2426.0,field_goal,2,19.0
172045,2012,ATL,NYG,4.0,2012-12-16,Half1,2168.0,run,1,32.0
172051,2012,ATL,NYG,4.0,2012-12-16,Half1,2030.0,punt,17,61.0
172062,2012,ATL,NYG,4.0,2012-12-16,Half1,1874.0,pass,1,11.0
172087,2012,ATL,NYG,4.0,2012-12-16,Half2,1317.0,pass,2,25.0
172100,2012,ATL,NYG,4.0,2012-12-16,Half2,914.0,field_goal,1,1.0
172106,2012,ATL,NYG,4.0,2012-12-16,Half2,865.0,punt,3,77.0
178962,2012,ATL,TB,4.0,2012-12-30,Half1,3356.0,punt,1,48.0
178971,2012,ATL,TB,4.0,2012-12-30,Half1,3088.0,field_goal,2,30.0
178981,2012,ATL,TB,4.0,2012-12-30,Half1,2847.0,field_goal,4,10.0
178990,2012,ATL,TB,4.0,2012-12-30,Half1,2700.0,punt,2,55.0
178994,2012,ATL,TB,4.0,2012-12-30,Half1,2569.0,punt,1,82.0
179011,2012,ATL,TB,4.0,2012-12-30,Half1,2173.0,punt,8,63.0
179018,2012,ATL,TB,4.0,2012-12-30,Half1,1987.0,field_goal,4,4.0
179025,2012,ATL,TB,4.0,2012-12-30,Half1,1909.0,punt,1,46.0
179030,2012,ATL,TB,4.0,2012-12-30,Half1,1881.0,punt,8,89.0
179037,2012,ATL,TB,4.0,2012-12-30,Half1,1805.0,pass,3,49.0
179049,2012,ATL,TB,4.0,2012-12-30,Half2,1552.0,field_goal,10,24.0
179056,2012,ATL,TB,4.0,2012-12-30,Half2,1386.0,punt,4,63.0
179077,2012,ATL,TB,4.0,2012-12-30,Half2,938.0,punt,1,71.0
179083,2012,ATL,TB,4.0,2012-12-30,Half2,846.0,punt,15,80.0
179087,2012,ATL,TB,4.0,2012-12-30,Half2,754.0,punt,5,55.0
179091,2012,ATL,TB,4.0,2012-12-30,Half2,696.0,punt,10,80.0
179101,2012,ATL,TB,4.0,2012-12-30,Half2,427.0,pass,7,7.0
179110,2012,ATL,TB,4.0,2012-12-30,Half2,237.0,punt,6,65.0
179117,2012,ATL,TB,4.0,2012-12-30,Half2,127.0,pass,10,67.0
183048,2013,ATL,LAR,4.0,2013-09-15,Half1,3097.0,punt,3,85.0
183054,2013,ATL,LAR,4.0,2013-09-15,Half1,2960.0,punt,6,59.0
183060,2013,ATL,LAR,4.0,2013-09-15,Half1,2826.0,punt,9,73.0
183074,2013,ATL,LAR,4.0,2013-09-15,Half1,2544.0,run,1,34.0
183087,2013,ATL,LAR,4.0,2013-09-15,Half1,2193.0,field_goal,5,11.0
183092,2013,ATL,LAR,4.0,2013-09-15,Half1,2103.0,punt,1,71.0
183098,2013,ATL,LAR,4.0,2013-09-15,Half1,1996.0,punt,10,74.0
183120,2013,ATL,LAR,4.0,2013-09-15,Half2,1730.0,punt,5,75.0
183124,2013,ATL,LAR,4.0,2013-09-15,Half2,1611.0,punt,17,80.0
183130,2013,ATL,LAR,4.0,2013-09-15,Half2,1496.0,punt,1,63.0
183136,2013,ATL,LAR,4.0,2013-09-15,Half2,1338.0,punt,5,53.0
183140,2013,ATL,LAR,4.0,2013-09-15,Half2,1246.0,punt,5,90.0
183145,2013,ATL,LAR,4.0,2013-09-15,Half2,1112.0,punt,18,75.0
183158,2013,ATL,LAR,4.0,2013-09-15,Half2,900.0,punt,11,88.0
183193,2013,ATL,LAR,4.0,2013-09-15,Half2,188.0,pass,1,32.0
183198,2013,ATL,LAR,4.0,2013-09-15,Half2,148.0,no_play,2,18.0
190992,2013,ATL,NE,4.0,2013-09-29,Half1,3267.0,field_goal,5,5.0
191001,2013,ATL,NE,4.0,2013-09-29,Half1,3083.0,no_play,6,56.0
191008,2013,ATL,NE,4.0,2013-09-29,Half1,2941.0,punt,20,85.0
191036,2013,ATL,NE,4.0,2013-09-29,Half1,2182.0,pass,2,7.0
191043,2013,ATL,NE,4.0,2013-09-29,Half1,2007.0,field_goal,8,30.0
191065,2013,ATL,NE,4.0,2013-09-29,Half2,1689.0,punt,20,90.0
191070,2013,ATL,NE,4.0,2013-09-29,Half2,1611.0,punt,7,42.0
191085,2013,ATL,NE,4.0,2013-09-29,Half2,1229.0,field_goal,4,4.0
191094,2013,ATL,NE,4.0,2013-09-29,Half2,1022.0,punt,16,53.0
191112,2013,ATL,NE,4.0,2013-09-29,Half2,717.0,field_goal,14,27.0
191128,2013,ATL,NE,4.0,2013-09-29,Half2,383.0,field_goal,5,31.0
191148,2013,ATL,NE,4.0,2013-09-29,Half2,180.0,field_goal,1,7.0
191155,2013,ATL,NE,4.0,2013-09-29,Half2,114.0,run,1,37.0
191161,2013,ATL,NE,4.0,2013-09-29,Half2,41.0,pass,7,10.0
193674,2013,ATL,NYJ,4.0,2013-10-07,Half1,3406.0,punt,5,48.0
193684,2013,ATL,NYJ,4.0,2013-10-07,Half1,3051.0,field_goal,1,4.0
193712,2013,ATL,NYJ,4.0,2013-10-07,Half1,2347.0,punt,14,84.0
193734,2013,ATL,NYJ,4.0,2013-10-07,Half1,1807.0,no_play,1,1.0
193741,2013,ATL,NYJ,4.0,2013-10-07,Half2,1705.0,punt,12,82.0
193758,2013,ATL,NYJ,4.0,2013-10-07,Half2,1242.0,punt,5,63.0
193768,2013,ATL,NYJ,4.0,2013-10-07,Half2,945.0,field_goal,13,18.0
193774,2013,ATL,NYJ,4.0,2013-10-07,Half2,863.0,punt,12,82.0
193797,2013,ATL,NYJ,4.0,2013-10-07,Half2,352.0,punt,7,78.0
193803,2013,ATL,NYJ,4.0,2013-10-07,Half2,255.0,pass,1,18.0
193807,2013,ATL,NYJ,4.0,2013-10-07,Half2,132.0,no_play,3,7.0
196663,2013,ATL,TB,4.0,2013-10-20,Half1,3483.0,punt,3,73.0
196675,2013,ATL,TB,4.0,2013-10-20,Half1,3253.0,punt,1,58.0
196683,2013,ATL,TB,4.0,2013-10-20,Half1,3078.0,punt,8,64.0
196692,2013,ATL,TB,4.0,2013-10-20,Half1,2878.0,punt,9,49.0
196720,2013,ATL,TB,4.0,2013-10-20,Half1,2263.0,field_goal,5,5.0
196725,2013,ATL,TB,4.0,2013-10-20,Half1,2148.0,punt,11,83.0
196746,2013,ATL,TB,4.0,2013-10-20,Half1,1803.0,field_goal,17,17.0
196751,2013,ATL,TB,4.0,2013-10-20,Half2,1710.0,punt,6,76.0
196759,2013,ATL,TB,4.0,2013-10-20,Half2,1530.0,run,1,3.0
196767,2013,ATL,TB,4.0,2013-10-20,Half2,1364.0,punt,7,77.0
196777,2013,ATL,TB,4.0,2013-10-20,Half2,1083.0,punt,5,39.0
196796,2013,ATL,TB,4.0,2013-10-20,Half2,641.0,pass,2,33.0
196802,2013,ATL,TB,4.0,2013-10-20,Half2,463.0,run,2,8.0
196807,2013,ATL,TB,4.0,2013-10-20,Half2,317.0,no_play,13,13.0
196809,2013,ATL,TB,4.0,2013-10-20,Half2,304.0,field_goal,23,23.0
196816,2013,ATL,TB,4.0,2013-10-20,Half2,244.0,punt,10,80.0
196823,2013,ATL,TB,4.0,2013-10-20,Half2,120.0,field_goal,6,17.0
203924,2013,ATL,SEA,4.0,2013-11-10,Half1,3525.0,punt,4,80.0
203935,2013,ATL,SEA,4.0,2013-11-10,Half1,3157.0,field_goal,7,21.0
203941,2013,ATL,SEA,4.0,2013-11-10,Half1,3054.0,punt,10,60.0
203950,2013,ATL,SEA,4.0,2013-11-10,Half1,2814.0,punt,16,38.0
203955,2013,ATL,SEA,4.0,2013-11-10,Half1,2700.0,punt,1,81.0
203962,2013,ATL,SEA,4.0,2013-11-10,Half1,2518.0,field_goal,6,25.0
203973,2013,ATL,SEA,4.0,2013-11-10,Half1,2197.0,field_goal,11,35.0
203982,2013,ATL,SEA,4.0,2013-11-10,Half1,2041.0,punt,1,71.0
203987,2013,ATL,SEA,4.0,2013-11-10,Half1,1916.0,field_goal,7,26.0
203994,2013,ATL,SEA,4.0,2013-11-10,Half1,1876.0,punt,4,64.0
204021,2013,ATL,SEA,4.0,2013-11-10,Half2,1375.0,field_goal,11,35.0
204037,2013,ATL,SEA,4.0,2013-11-10,Half2,967.0,pass,3,12.0
204074,2013,ATL,SEA,4.0,2013-11-10,Half2,115.0,punt,11,54.0
208826,2013,ATL,NO,4.0,2013-11-21,Half1,3492.0,punt,7,77.0
208863,2013,ATL,NO,4.0,2013-11-21,Half1,2546.0,field_goal,6,21.0
208887,2013,ATL,NO,4.0,2013-11-21,Half1,1964.0,field_goal,6,6.0
208892,2013,ATL,NO,4.0,2013-11-21,Half1,1917.0,punt,1,71.0
208898,2013,ATL,NO,4.0,2013-11-21,Half1,1841.0,punt,10,55.0
208912,2013,ATL,NO,4.0,2013-11-21,Half2,1622.0,punt,10,69.0
208917,2013,ATL,NO,4.0,2013-11-21,Half2,1511.0,punt,1,51.0
208921,2013,ATL,NO,4.0,2013-11-21,Half2,1421.0,punt,2,72.0
208930,2013,ATL,NO,4.0,2013-11-21,Half2,1182.0,field_goal,6,23.0
208956,2013,ATL,NO,4.0,2013-11-21,Half2,481.0,punt,13,47.0
208970,2013,ATL,NO,4.0,2013-11-21,Half2,144.0,field_goal,15,34.0
208984,2013,ATL,NO,4.0,2013-11-21,Half2,12.0,run,19,27.0
217102,2013,ATL,WAS,4.0,2013-12-15,Half1,2568.0,punt,13,62.0
217107,2013,ATL,WAS,4.0,2013-12-15,Half1,2443.0,field_goal,2,2.0
217117,2013,ATL,WAS,4.0,2013-12-15,Half1,2294.0,punt,4,89.0
217129,2013,ATL,WAS,4.0,2013-12-15,Half1,2089.0,punt,18,88.0
217141,2013,ATL,WAS,4.0,2013-12-15,Half1,1854.0,field_goal,10,15.0
217155,2013,ATL,WAS,4.0,2013-12-15,Half2,1746.0,punt,5,75.0
217167,2013,ATL,WAS,4.0,2013-12-15,Half2,1418.0,no_play,1,1.0
217168,2013,ATL,WAS,4.0,2013-12-15,Half2,1414.0,run,1,1.0
217176,2013,ATL,WAS,4.0,2013-12-15,Half2,1279.0,punt,6,76.0
217184,2013,ATL,WAS,4.0,2013-12-15,Half2,1044.0,punt,3,51.0
217188,2013,ATL,WAS,4.0,2013-12-15,Half2,1015.0,punt,6,81.0
217193,2013,ATL,WAS,4.0,2013-12-15,Half2,900.0,punt,5,78.0
217209,2013,ATL,WAS,4.0,2013-12-15,Half2,358.0,punt,9,61.0
217214,2013,ATL,WAS,4.0,2013-12-15,Half2,211.0,field_goal,4,33.0
222512,2013,ATL,CAR,4.0,2013-12-29,Half1,3170.0,punt,10,80.0
222516,2013,ATL,CAR,4.0,2013-12-29,Half1,3073.0,punt,8,50.0
222523,2013,ATL,CAR,4.0,2013-12-29,Half1,2868.0,punt,9,77.0
222528,2013,ATL,CAR,4.0,2013-12-29,Half1,2722.0,punt,14,70.0
222543,2013,ATL,CAR,4.0,2013-12-29,Half1,2405.0,field_goal,14,24.0
222558,2013,ATL,CAR,4.0,2013-12-29,Half1,2068.0,punt,6,39.0
222583,2013,ATL,CAR,4.0,2013-12-29,Half2,1671.0,punt,2,53.0
222608,2013,ATL,CAR,4.0,2013-12-29,Half2,1050.0,punt,18,88.0
222612,2013,ATL,CAR,4.0,2013-12-29,Half2,950.0,punt,6,55.0
222626,2013,ATL,CAR,4.0,2013-12-29,Half2,558.0,run,1,24.0
222630,2013,ATL,CAR,4.0,2013-12-29,Half2,434.0,field_goal,10,19.0
222638,2013,ATL,CAR,4.0,2013-12-29,Half2,211.0,punt,9,64.0
222642,2013,ATL,CAR,4.0,2013-12-29,Half2,120.0,punt,18,88.0
222649,2013,ATL,CAR,4.0,2013-12-29,Half2,88.0,punt,7,49.0
225405,2014,ATL,NO,4.0,2014-09-07,Half1,3338.0,field_goal,5,13.0
225411,2014,ATL,NO,4.0,2014-09-07,Half1,3227.0,punt,11,81.0
225421,2014,ATL,NO,4.0,2014-09-07,Half1,2984.0,field_goal,10,33.0
225506,2014,ATL,NO,4.0,2014-09-07,Half2,1339.0,punt,8,57.0
225511,2014,ATL,NO,4.0,2014-09-07,Half2,1247.0,punt,1,66.0
225543,2014,ATL,NO,4.0,2014-09-07,Half2,432.0,punt,5,75.0
225547,2014,ATL,NO,4.0,2014-09-07,Half2,391.0,punt,6,70.0
225582,2014,ATL,NO,4.0,2014-09-07,Half2,4.0,field_goal,9,33.0
225589,2014,ATL,NO,4.0,2014-09-07,Overtime,802.0,field_goal,6,34.0
230957,2014,ATL,TB,4.0,2014-09-18,Half1,3331.0,,4,
230958,2014,ATL,TB,4.0,2014-09-18,Half1,3315.0,punt,4,61.0
230995,2014,ATL,TB,4.0,2014-09-18,Half1,2574.0,punt,22,90.0
231006,2014,ATL,TB,4.0,2014-09-18,Half1,2245.0,punt,6,94.0
231012,2014,ATL,TB,4.0,2014-09-18,Half1,2098.0,punt,9,45.0
231018,2014,ATL,TB,4.0,2014-09-18,Half1,2009.0,punt,10,89.0
231027,2014,ATL,TB,4.0,2014-09-18,Half1,1892.0,punt,16,42.0
231050,2014,ATL,TB,4.0,2014-09-18,Half2,1579.0,punt,28,75.0
231068,2014,ATL,TB,4.0,2014-09-18,Half2,1207.0,punt,13,68.0
231084,2014,ATL,TB,4.0,2014-09-18,Half2,821.0,run,1,44.0
231111,2014,ATL,TB,4.0,2014-09-18,Half2,114.0,no_play,9,46.0
231112,2014,ATL,TB,4.0,2014-09-18,Half2,114.0,punt,14,51.0
238965,2014,ATL,CHI,4.0,2014-10-12,Half1,3496.0,punt,8,63.0
238973,2014,ATL,CHI,4.0,2014-10-12,Half1,3286.0,field_goal,10,34.0
238982,2014,ATL,CHI,4.0,2014-10-12,Half1,3023.0,punt,5,52.0
238986,2014,ATL,CHI,4.0,2014-10-12,Half1,2917.0,punt,3,81.0
238998,2014,ATL,CHI,4.0,2014-10-12,Half1,2691.0,field_goal,3,7.0
239007,2014,ATL,CHI,4.0,2014-10-12,Half1,2445.0,punt,15,44.0
239024,2014,ATL,CHI,4.0,2014-10-12,Half1,2056.0,punt,10,63.0
239040,2014,ATL,CHI,4.0,2014-10-12,Half1,1806.0,field_goal,2,10.0
239060,2014,ATL,CHI,4.0,2014-10-12,Half2,1483.0,punt,3,79.0
239070,2014,ATL,CHI,4.0,2014-10-12,Half2,1284.0,field_goal,3,36.0
239080,2014,ATL,CHI,4.0,2014-10-12,Half2,1129.0,punt,1,71.0
239104,2014,ATL,CHI,4.0,2014-10-12,Half2,553.0,no_play,14,84.0
239105,2014,ATL,CHI,4.0,2014-10-12,Half2,545.0,punt,22,92.0
239111,2014,ATL,CHI,4.0,2014-10-12,Half2,327.0,punt,5,40.0
239116,2014,ATL,CHI,4.0,2014-10-12,Half2,228.0,pass,14,61.0
239121,2014,ATL,CHI,4.0,2014-10-12,Half2,164.0,punt,8,53.0
239127,2014,ATL,CHI,4.0,2014-10-12,Half2,90.0,pass,1,60.0
244362,2014,ATL,DET,4.0,2014-10-26,Half1,3094.0,punt,13,70.0
244386,2014,ATL,DET,4.0,2014-10-26,Half1,2569.0,punt,6,37.0
244390,2014,ATL,DET,4.0,2014-10-26,Half1,2479.0,punt,8,88.0
244394,2014,ATL,DET,4.0,2014-10-26,Half1,2416.0,punt,11,62.0
244439,2014,ATL,DET,4.0,2014-10-26,Half2,1379.0,field_goal,4,4.0
244444,2014,ATL,DET,4.0,2014-10-26,Half2,1290.0,punt,14,85.0
244464,2014,ATL,DET,4.0,2014-10-26,Half2,854.0,field_goal,2,2.0
244471,2014,ATL,DET,4.0,2014-10-26,Half2,693.0,punt,18,72.0
244499,2014,ATL,DET,4.0,2014-10-26,Half2,106.0,punt,10,40.0
254117,2014,ATL,CLE,4.0,2014-11-23,Half1,3471.0,punt,7,55.0
254124,2014,ATL,CLE,4.0,2014-11-23,Half1,3330.0,punt,8,72.0
254145,2014,ATL,CLE,4.0,2014-11-23,Half1,2831.0,no_play,1,38.0
254159,2014,ATL,CLE,4.0,2014-11-23,Half1,2602.0,field_goal,6,15.0
254169,2014,ATL,CLE,4.0,2014-11-23,Half1,2366.0,field_goal,6,19.0
254178,2014,ATL,CLE,4.0,2014-11-23,Half1,2156.0,punt,4,43.0
254218,2014,ATL,CLE,4.0,2014-11-23,Half2,1491.0,field_goal,14,14.0
254226,2014,ATL,CLE,4.0,2014-11-23,Half2,1303.0,no_play,15,73.0
254227,2014,ATL,CLE,4.0,2014-11-23,Half2,1251.0,punt,20,78.0
254271,2014,ATL,CLE,4.0,2014-11-23,Half2,226.0,punt,5,63.0
254284,2014,ATL,CLE,4.0,2014-11-23,Half2,49.0,field_goal,2,35.0
258751,2014,ATL,ARI,4.0,2014-11-30,Half1,3405.0,pass,1,1.0
258757,2014,ATL,ARI,4.0,2014-11-30,Half1,3355.0,punt,10,80.0
258763,2014,ATL,ARI,4.0,2014-11-30,Half1,3197.0,field_goal,2,2.0
258778,2014,ATL,ARI,4.0,2014-11-30,Half1,2924.0,punt,2,67.0
258796,2014,ATL,ARI,4.0,2014-11-30,Half1,2475.0,punt,2,45.0
258806,2014,ATL,ARI,4.0,2014-11-30,Half1,2207.0,punt,6,56.0
258815,2014,ATL,ARI,4.0,2014-11-30,Half1,1967.0,field_goal,13,26.0
258841,2014,ATL,ARI,4.0,2014-11-30,Half2,1569.0,punt,5,60.0
258852,2014,ATL,ARI,4.0,2014-11-30,Half2,1277.0,field_goal,3,3.0
258860,2014,ATL,ARI,4.0,2014-11-30,Half2,1072.0,punt,2,46.0
258870,2014,ATL,ARI,4.0,2014-11-30,Half2,762.0,field_goal,1,27.0
258875,2014,ATL,ARI,4.0,2014-11-30,Half2,697.0,punt,4,74.0
258879,2014,ATL,ARI,4.0,2014-11-30,Half2,561.0,no_play,1,72.0
258880,2014,ATL,ARI,4.0,2014-11-30,Half2,550.0,punt,6,77.0
258893,2014,ATL,ARI,4.0,2014-11-30,Half2,218.0,no_play,1,19.0
258899,2014,ATL,ARI,4.0,2014-11-30,Half2,154.0,field_goal,4,9.0
262452,2014,ATL,PIT,4.0,2014-12-14,Half1,3254.0,field_goal,5,20.0
262462,2014,ATL,PIT,4.0,2014-12-14,Half1,3011.0,punt,8,44.0
262471,2014,ATL,PIT,4.0,2014-12-14,Half1,2707.0,field_goal,7,20.0
262482,2014,ATL,PIT,4.0,2014-12-14,Half1,2503.0,punt,6,64.0
262486,2014,ATL,PIT,4.0,2014-12-14,Half1,2409.0,no_play,2,48.0
262487,2014,ATL,PIT,4.0,2014-12-14,Half1,2396.0,punt,7,53.0
262532,2014,ATL,PIT,4.0,2014-12-14,Half2,1564.0,field_goal,2,10.0
262538,2014,ATL,PIT,4.0,2014-12-14,Half2,1434.0,punt,16,69.0
262551,2014,ATL,PIT,4.0,2014-12-14,Half2,1065.0,field_goal,3,4.0
262582,2014,ATL,PIT,4.0,2014-12-14,Half2,391.0,punt,9,53.0
262586,2014,ATL,PIT,4.0,2014-12-14,Half2,290.0,punt,2,75.0
267967,2014,ATL,CAR,4.0,2014-12-28,Half1,3175.0,field_goal,2,3.0
267977,2014,ATL,CAR,4.0,2014-12-28,Half1,2997.0,punt,7,42.0
268000,2014,ATL,CAR,4.0,2014-12-28,Half1,2441.0,field_goal,3,3.0
268005,2014,ATL,CAR,4.0,2014-12-28,Half1,2376.0,punt,1,69.0
268009,2014,ATL,CAR,4.0,2014-12-28,Half1,2291.0,punt,11,71.0
268015,2014,ATL,CAR,4.0,2014-12-28,Half1,2134.0,punt,9,53.0
268032,2014,ATL,CAR,4.0,2014-12-28,Half1,1847.0,punt,6,55.0
268039,2014,ATL,CAR,4.0,2014-12-28,Half2,1711.0,punt,22,92.0
268049,2014,ATL,CAR,4.0,2014-12-28,Half2,1429.0,field_goal,10,30.0
268054,2014,ATL,CAR,4.0,2014-12-28,Half2,1361.0,punt,3,73.0
268058,2014,ATL,CAR,4.0,2014-12-28,Half2,1259.0,punt,2,78.0
268075,2014,ATL,CAR,4.0,2014-12-28,Half2,923.0,no_play,5,36.0
268090,2014,ATL,CAR,4.0,2014-12-28,Half2,665.0,pass,18,23.0
268103,2014,ATL,CAR,4.0,2014-12-28,Half2,161.0,run,8,35.0
268108,2014,ATL,CAR,4.0,2014-12-28,Half2,110.0,pass,9,68.0
273195,2015,ATL,PHI,4.0,2015-09-14,Half1,3550.0,punt,6,76.0
273202,2015,ATL,PHI,4.0,2015-09-14,Half1,3360.0,field_goal,3,23.0
273207,2015,ATL,PHI,4.0,2015-09-14,Half1,3284.0,punt,10,80.0
273221,2015,ATL,PHI,4.0,2015-09-14,Half1,2994.0,punt,3,60.0
273225,2015,ATL,PHI,4.0,2015-09-14,Half1,2938.0,punt,15,85.0
273232,2015,ATL,PHI,4.0,2015-09-14,Half1,2791.0,,9,
273233,2015,ATL,PHI,4.0,2015-09-14,Half1,2791.0,punt,9,42.0
273255,2015,ATL,PHI,4.0,2015-09-14,Half1,2311.0,pass,1,34.0
273259,2015,ATL,PHI,4.0,2015-09-14,Half1,2243.0,field_goal,5,11.0
273264,2015,ATL,PHI,4.0,2015-09-14,Half1,2191.0,punt,3,70.0
273268,2015,ATL,PHI,4.0,2015-09-14,Half1,2117.0,punt,1,85.0
273281,2015,ATL,PHI,4.0,2015-09-14,Half1,1869.0,field_goal,7,21.0
273309,2015,ATL,PHI,4.0,2015-09-14,Half2,1499.0,punt,11,67.0
273345,2015,ATL,PHI,4.0,2015-09-14,Half2,654.0,field_goal,6,26.0
273359,2015,ATL,PHI,4.0,2015-09-14,Half2,393.0,field_goal,3,29.0
273371,2015,ATL,PHI,4.0,2015-09-14,Half2,152.0,field_goal,1,26.0
273378,2015,ATL,PHI,4.0,2015-09-14,Half2,120.0,punt,5,61.0
279923,2015,ATL,HOU,4.0,2015-10-04,Half1,3550.0,punt,8,69.0
279931,2015,ATL,HOU,4.0,2015-10-04,Half1,3324.0,run,1,45.0
279943,2015,ATL,HOU,4.0,2015-10-04,Half1,3068.0,punt,6,65.0
279966,2015,ATL,HOU,4.0,2015-10-04,Half1,2626.0,punt,10,79.0
279970,2015,ATL,HOU,4.0,2015-10-04,Half1,2569.0,punt,18,74.0
279982,2015,ATL,HOU,4.0,2015-10-04,Half1,2382.0,punt,3,60.0
280001,2015,ATL,HOU,4.0,2015-10-04,Half1,1920.0,punt,3,40.0
280013,2015,ATL,HOU,4.0,2015-10-04,Half1,1817.0,field_goal,8,35.0
280023,2015,ATL,HOU,4.0,2015-10-04,Half2,1669.0,pass,3,32.0
280033,2015,ATL,HOU,4.0,2015-10-04,Half2,1465.0,punt,2,72.0
280063,2015,ATL,HOU,4.0,2015-10-04,Half2,729.0,punt,10,80.0
280082,2015,ATL,HOU,4.0,2015-10-04,Half2,283.0,punt,3,56.0
280098,2015,ATL,HOU,4.0,2015-10-04,Half2,120.0,punt,12,82.0
280108,2015,ATL,HOU,4.0,2015-10-04,Half2,0.0,pass,17,17.0
282861,2015,ATL,WAS,4.0,2015-10-11,Half1,3474.0,punt,2,72.0
282872,2015,ATL,WAS,4.0,2015-10-11,Half1,3160.0,punt,8,56.0
282879,2015,ATL,WAS,4.0,2015-10-11,Half1,2951.0,punt,9,74.0
282890,2015,ATL,WAS,4.0,2015-10-11,Half1,2613.0,run,1,10.0
282908,2015,ATL,WAS,4.0,2015-10-11,Half1,2232.0,field_goal,9,24.0
282927,2015,ATL,WAS,4.0,2015-10-11,Half1,1911.0,punt,5,82.0
282935,2015,ATL,WAS,4.0,2015-10-11,Half1,1805.0,field_goal,1,20.0
282942,2015,ATL,WAS,4.0,2015-10-11,Half2,1668.0,pass,5,39.0
282946,2015,ATL,WAS,4.0,2015-10-11,Half2,1578.0,field_goal,8,30.0
282956,2015,ATL,WAS,4.0,2015-10-11,Half2,1306.0,field_goal,13,35.0
282962,2015,ATL,WAS,4.0,2015-10-11,Half2,1180.0,pass,6,40.0
282968,2015,ATL,WAS,4.0,2015-10-11,Half2,1018.0,field_goal,5,10.0
282973,2015,ATL,WAS,4.0,2015-10-11,Half2,959.0,punt,10,70.0
283005,2015,ATL,WAS,4.0,2015-10-11,Half2,162.0,field_goal,10,10.0
283016,2015,ATL,WAS,4.0,2015-10-11,Half2,51.0,pass,2,13.0
290855,2015,ATL,TB,4.0,2015-11-01,Half1,3308.0,run,1,14.0
290860,2015,ATL,TB,4.0,2015-11-01,Half1,3178.0,field_goal,3,3.0
290869,2015,ATL,TB,4.0,2015-11-01,Half1,2930.0,punt,7,48.0
290875,2015,ATL,TB,4.0,2015-11-01,Half1,2827.0,field_goal,9,20.0
290901,2015,ATL,TB,4.0,2015-11-01,Half1,2016.0,field_goal,3,5.0
290928,2015,ATL,TB,4.0,2015-11-01,Half2,1750.0,punt,9,79.0
290972,2015,ATL,TB,4.0,2015-11-01,Half2,737.0,punt,9,56.0
290980,2015,ATL,TB,4.0,2015-11-01,Half2,501.0,run,1,57.0
290987,2015,ATL,TB,4.0,2015-11-01,Half2,300.0,field_goal,4,6.0
290999,2015,ATL,TB,4.0,2015-11-01,Half2,120.0,pass,1,60.0
291028,2015,ATL,TB,4.0,2015-11-01,Overtime,477.0,no_play,4,7.0
291029,2015,ATL,TB,4.0,2015-11-01,Overtime,477.0,field_goal,9,12.0
291035,2015,ATL,TB,4.0,2015-11-01,Overtime,350.0,pass,7,58.0
297784,2015,ATL,IND,4.0,2015-11-22,Half1,3509.0,field_goal,5,29.0
297801,2015,ATL,IND,4.0,2015-11-22,Half1,3039.0,punt,1,60.0
297821,2015,ATL,IND,4.0,2015-11-22,Half1,2652.0,no_play,3,73.0
297822,2015,ATL,IND,4.0,2015-11-22,Half1,2603.0,punt,8,78.0
297859,2015,ATL,IND,4.0,2015-11-22,Half1,1839.0,punt,8,49.0
297881,2015,ATL,IND,4.0,2015-11-22,Half2,1349.0,punt,1,61.0
297888,2015,ATL,IND,4.0,2015-11-22,Half2,1226.0,punt,8,77.0
297910,2015,ATL,IND,4.0,2015-11-22,Half2,780.0,punt,6,81.0
297915,2015,ATL,IND,4.0,2015-11-22,Half2,623.0,punt,6,51.0
297923,2015,ATL,IND,4.0,2015-11-22,Half2,509.0,punt,8,60.0
297927,2015,ATL,IND,4.0,2015-11-22,Half2,412.0,punt,1,75.0
297931,2015,ATL,IND,4.0,2015-11-22,Half2,307.0,punt,4,70.0
297944,2015,ATL,IND,4.0,2015-11-22,Half2,57.0,field_goal,3,25.0
297953,2015,ATL,IND,4.0,2015-11-22,Half2,1.0,pass,3,61.0
300474,2015,ATL,MIN,4.0,2015-11-29,Half1,3458.0,punt,1,60.0
300478,2015,ATL,MIN,4.0,2015-11-29,Half1,3323.0,punt,1,64.0
300521,2015,ATL,MIN,4.0,2015-11-29,Half1,2178.0,field_goal,9,13.0
300529,2015,ATL,MIN,4.0,2015-11-29,Half1,2038.0,punt,5,60.0
300583,2015,ATL,MIN,4.0,2015-11-29,Half2,1013.0,field_goal,2,11.0
300590,2015,ATL,MIN,4.0,2015-11-29,Half2,900.0,punt,19,75.0
300607,2015,ATL,MIN,4.0,2015-11-29,Half2,389.0,field_goal,7,21.0
300612,2015,ATL,MIN,4.0,2015-11-29,Half2,279.0,pass,1,52.0
300629,2015,ATL,MIN,4.0,2015-11-29,Half2,98.0,no_play,2,2.0
312835,2015,ATL,CAR,4.0,2015-12-27,Half1,2477.0,punt,10,44.0
312844,2015,ATL,CAR,4.0,2015-12-27,Half1,2285.0,punt,12,40.0
312857,2015,ATL,CAR,4.0,2015-12-27,Half1,1912.0,,17,
312858,2015,ATL,CAR,4.0,2015-12-27,Half1,1912.0,punt,17,37.0
312874,2015,ATL,CAR,4.0,2015-12-27,Half2,1407.0,field_goal,11,25.0
312883,2015,ATL,CAR,4.0,2015-12-27,Half2,1229.0,field_goal,9,15.0
312899,2015,ATL,CAR,4.0,2015-12-27,Half2,852.0,no_play,4,63.0
312911,2015,ATL,CAR,4.0,2015-12-27,Half2,484.0,field_goal,3,29.0
312924,2015,ATL,CAR,4.0,2015-12-27,Half2,148.0,field_goal,7,19.0
312931,2015,ATL,CAR,4.0,2015-12-27,Half2,113.0,pass,5,63.0
312937,2015,ATL,CAR,4.0,2015-12-27,Half2,95.0,field_goal,9,36.0
315950,2015,ATL,NO,4.0,2016-01-03,Half1,3462.0,punt,3,61.0
315962,2015,ATL,NO,4.0,2016-01-03,Half1,3108.0,field_goal,3,33.0
316005,2015,ATL,NO,4.0,2016-01-03,Half1,2244.0,field_goal,8,27.0
316013,2015,ATL,NO,4.0,2016-01-03,Half1,2015.0,pass,1,17.0
316043,2015,ATL,NO,4.0,2016-01-03,Half2,1546.0,punt,15,53.0
316056,2015,ATL,NO,4.0,2016-01-03,Half2,1234.0,field_goal,10,23.0
316095,2015,ATL,NO,4.0,2016-01-03,Half2,167.0,punt,18,43.0
316101,2015,ATL,NO,4.0,2016-01-03,Half2,115.0,punt,3,79.0
317032,2016,ATL,TB,4.0,2016-09-11,Half1,3484.0,punt,1,72.0
317040,2016,ATL,TB,4.0,2016-09-11,Half1,3297.0,field_goal,16,25.0
317046,2016,ATL,TB,4.0,2016-09-11,Half1,3133.0,field_goal,10,16.0
317051,2016,ATL,TB,4.0,2016-09-11,Half1,3046.0,punt,3,68.0
317055,2016,ATL,TB,4.0,2016-09-11,Half1,2965.0,punt,4,58.0
317087,2016,ATL,TB,4.0,2016-09-11,Half1,2223.0,punt,9,44.0
317091,2016,ATL,TB,4.0,2016-09-11,Half1,2108.0,punt,10,91.0
317101,2016,ATL,TB,4.0,2016-09-11,Half1,1910.0,field_goal,16,16.0
317133,2016,ATL,TB,4.0,2016-09-11,Half2,1416.0,punt,20,50.0
317148,2016,ATL,TB,4.0,2016-09-11,Half2,1128.0,pass,3,50.0
317159,2016,ATL,TB,4.0,2016-09-11,Half2,900.0,punt,2,67.0
317166,2016,ATL,TB,4.0,2016-09-11,Half2,701.0,punt,5,55.0
317170,2016,ATL,TB,4.0,2016-09-11,Half2,602.0,punt,6,88.0
317182,2016,ATL,TB,4.0,2016-09-11,Half2,299.0,field_goal,8,11.0
317196,2016,ATL,TB,4.0,2016-09-11,Half2,120.0,punt,2,50.0
317201,2016,ATL,TB,4.0,2016-09-11,Half2,77.0,pass,10,72.0
325853,2016,ATL,CAR,4.0,2016-10-02,Half1,3401.0,punt,5,74.0
325872,2016,ATL,CAR,4.0,2016-10-02,Half1,2942.0,punt,3,52.0
325889,2016,ATL,CAR,4.0,2016-10-02,Half1,2545.0,punt,6,43.0
325902,2016,ATL,CAR,4.0,2016-10-02,Half1,2161.0,field_goal,5,10.0
325909,2016,ATL,CAR,4.0,2016-10-02,Half1,1992.0,field_goal,3,36.0
325916,2016,ATL,CAR,4.0,2016-10-02,Half1,1913.0,punt,9,74.0
325926,2016,ATL,CAR,4.0,2016-10-02,Half1,1819.0,punt,2,56.0
325946,2016,ATL,CAR,4.0,2016-10-02,Half2,1407.0,punt,7,72.0
325961,2016,ATL,CAR,4.0,2016-10-02,Half2,1126.0,punt,6,71.0
325972,2016,ATL,CAR,4.0,2016-10-02,Half2,804.0,field_goal,11,35.0
325984,2016,ATL,CAR,4.0,2016-10-02,Half2,569.0,punt,9,49.0
326017,2016,ATL,CAR,4.0,2016-10-02,Half2,120.0,pass,2,16.0
326026,2016,ATL,CAR,4.0,2016-10-02,Half2,97.0,punt,10,75.0
335148,2016,ATL,LAC,4.0,2016-10-23,Half1,3091.0,field_goal,5,24.0
335158,2016,ATL,LAC,4.0,2016-10-23,Half1,2858.0,field_goal,9,9.0
335170,2016,ATL,LAC,4.0,2016-10-23,Half1,2614.0,field_goal,7,22.0
335186,2016,ATL,LAC,4.0,2016-10-23,Half1,2285.0,punt,11,93.0
335219,2016,ATL,LAC,4.0,2016-10-23,Half2,1703.0,punt,4,69.0
335223,2016,ATL,LAC,4.0,2016-10-23,Half2,1641.0,punt,3,82.0
335232,2016,ATL,LAC,4.0,2016-10-23,Half2,1395.0,punt,17,59.0
335240,2016,ATL,LAC,4.0,2016-10-23,Half2,1194.0,field_goal,2,19.0
335255,2016,ATL,LAC,4.0,2016-10-23,Half2,808.0,field_goal,12,13.0
335286,2016,ATL,LAC,4.0,2016-10-23,Half2,120.0,pass,2,57.0
335295,2016,ATL,LAC,4.0,2016-10-23,Half2,22.0,field_goal,10,15.0
335313,2016,ATL,LAC,4.0,2016-10-23,Overtime,736.0,run,1,55.0
336497,2016,ATL,GB,4.0,2016-10-30,Half1,3407.0,run,1,42.0
336501,2016,ATL,GB,4.0,2016-10-30,Half1,3286.0,field_goal,3,18.0
336541,2016,ATL,GB,4.0,2016-10-30,Half1,2335.0,field_goal,7,22.0
336546,2016,ATL,GB,4.0,2016-10-30,Half1,2245.0,punt,15,80.0
336552,2016,ATL,GB,4.0,2016-10-30,Half1,2162.0,punt,11,79.0
336584,2016,ATL,GB,4.0,2016-10-30,Half2,1571.0,punt,14,55.0
336610,2016,ATL,GB,4.0,2016-10-30,Half2,900.0,punt,21,65.0
336614,2016,ATL,GB,4.0,2016-10-30,Half2,763.0,punt,18,75.0
336649,2016,ATL,GB,4.0,2016-10-30,Half2,14.0,pass,3,68.0
346346,2016,ATL,ARI,4.0,2016-11-27,Half1,3084.0,pass,3,43.0
346366,2016,ATL,ARI,4.0,2016-11-27,Half1,2576.0,field_goal,7,7.0
346377,2016,ATL,ARI,4.0,2016-11-27,Half1,2316.0,field_goal,3,27.0
346384,2016,ATL,ARI,4.0,2016-11-27,Half1,2191.0,punt,11,51.0
346388,2016,ATL,ARI,4.0,2016-11-27,Half1,2109.0,punt,6,80.0
346393,2016,ATL,ARI,4.0,2016-11-27,Half1,2000.0,punt,33,94.0
346404,2016,ATL,ARI,4.0,2016-11-27,Half1,1913.0,punt,2,67.0
346425,2016,ATL,ARI,4.0,2016-11-27,Half2,1520.0,punt,22,80.0
346429,2016,ATL,ARI,4.0,2016-11-27,Half2,1453.0,punt,10,73.0
346455,2016,ATL,ARI,4.0,2016-11-27,Half2,862.0,pass,7,40.0
346460,2016,ATL,ARI,4.0,2016-11-27,Half2,736.0,no_play,5,43.0
346498,2016,ATL,ARI,4.0,2016-11-27,Half2,113.0,pass,7,72.0
348875,2016,ATL,KC,4.0,2016-12-04,Half1,3015.0,field_goal,3,4.0
348894,2016,ATL,KC,4.0,2016-12-04,Half1,2609.0,field_goal,4,4.0
348907,2016,ATL,KC,4.0,2016-12-04,Half1,2230.0,pass,1,3.0
348918,2016,ATL,KC,4.0,2016-12-04,Half1,2006.0,punt,5,58.0
348927,2016,ATL,KC,4.0,2016-12-04,Half1,1860.0,punt,5,70.0
348942,2016,ATL,KC,4.0,2016-12-04,Half2,1682.0,run,1,55.0
348954,2016,ATL,KC,4.0,2016-12-04,Half2,1440.0,pass,1,10.0
348965,2016,ATL,KC,4.0,2016-12-04,Half2,1098.0,punt,9,45.0
348988,2016,ATL,KC,4.0,2016-12-04,Half2,574.0,punt,2,61.0
356001,2016,ATL,SF,4.0,2016-12-18,Half1,3525.0,punt,1,68.0
356022,2016,ATL,SF,4.0,2016-12-18,Half1,3100.0,punt,11,88.0
356058,2016,ATL,SF,4.0,2016-12-18,Half1,2295.0,punt,11,63.0
356099,2016,ATL,SF,4.0,2016-12-18,Half2,1522.0,punt,21,48.0
356103,2016,ATL,SF,4.0,2016-12-18,Half2,1468.0,punt,7,90.0
356109,2016,ATL,SF,4.0,2016-12-18,Half2,1294.0,field_goal,4,32.0
356117,2016,ATL,SF,4.0,2016-12-18,Half2,1146.0,punt,6,57.0
356128,2016,ATL,SF,4.0,2016-12-18,Half2,954.0,punt,2,68.0
356138,2016,ATL,SF,4.0,2016-12-18,Half2,660.0,punt,12,39.0
356148,2016,ATL,SF,4.0,2016-12-18,Half2,383.0,punt,4,49.0
356158,2016,ATL,SF,4.0,2016-12-18,Half2,73.0,field_goal,6,23.0
359776,2016,ATL,NO,4.0,2017-01-01,Half1,3561.0,punt,11,76.0
359794,2016,ATL,NO,4.0,2017-01-01,Half1,3067.0,pass,1,30.0
359799,2016,ATL,NO,4.0,2017-01-01,Half1,2937.0,field_goal,1,1.0
359827,2016,ATL,NO,4.0,2017-01-01,Half1,2565.0,punt,8,73.0
359847,2016,ATL,NO,4.0,2017-01-01,Half1,2024.0,field_goal,6,22.0
359870,2016,ATL,NO,4.0,2017-01-01,Half2,1684.0,punt,10,75.0
359876,2016,ATL,NO,4.0,2017-01-01,Half2,1534.0,punt,10,56.0
359890,2016,ATL,NO,4.0,2017-01-01,Half2,1222.0,field_goal,4,4.0
359896,2016,ATL,NO,4.0,2017-01-01,Half2,1179.0,punt,12,77.0
359908,2016,ATL,NO,4.0,2017-01-01,Half2,900.0,punt,3,41.0
359924,2016,ATL,NO,4.0,2017-01-01,Half2,622.0,no_play,6,78.0
359925,2016,ATL,NO,4.0,2017-01-01,Half2,606.0,punt,11,83.0
359938,2016,ATL,NO,4.0,2017-01-01,Half2,316.0,punt,8,78.0
359949,2016,ATL,NO,4.0,2017-01-01,Half2,140.0,pass,5,52.0
359955,2016,ATL,NO,4.0,2017-01-01,Half2,95.0,run,1,26.0
367685,2017,ATL,GB,4.0,2017-09-17,Half1,2878.0,punt,21,86.0
367690,2017,ATL,GB,4.0,2017-09-17,Half1,2741.0,punt,13,67.0
367712,2017,ATL,GB,4.0,2017-09-17,Half1,2249.0,punt,6,56.0
367719,2017,ATL,GB,4.0,2017-09-17,Half1,2007.0,field_goal,15,33.0
367727,2017,ATL,GB,4.0,2017-09-17,Half1,1929.0,punt,10,72.0
367731,2017,ATL,GB,4.0,2017-09-17,Half1,1877.0,punt,9,55.0
367762,2017,ATL,GB,4.0,2017-09-17,Half2,1477.0,field_goal,10,10.0
367773,2017,ATL,GB,4.0,2017-09-17,Half2,1165.0,field_goal,12,35.0
367782,2017,ATL,GB,4.0,2017-09-17,Half2,985.0,pass,5,54.0
367790,2017,ATL,GB,4.0,2017-09-17,Half2,770.0,pass,7,33.0
367798,2017,ATL,GB,4.0,2017-09-17,Half2,583.0,punt,6,53.0
367826,2017,ATL,GB,4.0,2017-09-17,Half2,73.0,punt,9,44.0
367830,2017,ATL,GB,4.0,2017-09-17,Half2,48.0,pass,10,88.0
371205,2017,ATL,BUF,4.0,2017-10-01,Half1,3403.0,punt,7,47.0
371219,2017,ATL,BUF,4.0,2017-10-01,Half1,3012.0,punt,17,38.0
371230,2017,ATL,BUF,4.0,2017-10-01,Half1,2718.0,punt,9,50.0
371236,2017,ATL,BUF,4.0,2017-10-01,Half1,2680.0,punt,15,95.0
371244,2017,ATL,BUF,4.0,2017-10-01,Half1,2435.0,field_goal,4,10.0
371261,2017,ATL,BUF,4.0,2017-10-01,Half1,2071.0,punt,2,57.0
371265,2017,ATL,BUF,4.0,2017-10-01,Half1,2010.0,punt,7,82.0
371289,2017,ATL,BUF,4.0,2017-10-01,Half2,1698.0,punt,10,75.0
371322,2017,ATL,BUF,4.0,2017-10-01,Half2,729.0,no_play,1,1.0
371323,2017,ATL,BUF,4.0,2017-10-01,Half2,723.0,field_goal,6,6.0
371342,2017,ATL,BUF,4.0,2017-10-01,Half2,288.0,field_goal,7,38.0
371353,2017,ATL,BUF,4.0,2017-10-01,Half2,190.0,field_goal,12,37.0
371358,2017,ATL,BUF,4.0,2017-10-01,Half2,173.0,pass,4,69.0
371370,2017,ATL,BUF,4.0,2017-10-01,Half2,49.0,pass,1,10.0
376448,2017,ATL,MIA,4.0,2017-10-15,Half1,3288.0,field_goal,1,32.0
376456,2017,ATL,MIA,4.0,2017-10-15,Half1,3108.0,punt,5,48.0
376475,2017,ATL,MIA,4.0,2017-10-15,Half1,2608.0,punt,4,42.0
376480,2017,ATL,MIA,4.0,2017-10-15,Half1,2516.0,punt,11,81.0
376487,2017,ATL,MIA,4.0,2017-10-15,Half1,2277.0,pass,3,39.0
376528,2017,ATL,MIA,4.0,2017-10-15,Half2,1373.0,pass,1,17.0
376538,2017,ATL,MIA,4.0,2017-10-15,Half2,1154.0,punt,2,75.0
376557,2017,ATL,MIA,4.0,2017-10-15,Half2,711.0,run,19,42.0
376561,2017,ATL,MIA,4.0,2017-10-15,Half2,609.0,pass,2,44.0
376565,2017,ATL,MIA,4.0,2017-10-15,Half2,519.0,field_goal,6,31.0
376570,2017,ATL,MIA,4.0,2017-10-15,Half2,431.0,punt,16,81.0
376581,2017,ATL,MIA,4.0,2017-10-15,Half2,155.0,field_goal,11,20.0
387839,2017,ATL,DAL,4.0,2017-11-12,Half1,3255.0,punt,14,42.0
387859,2017,ATL,DAL,4.0,2017-11-12,Half1,2702.0,field_goal,2,32.0
387867,2017,ATL,DAL,4.0,2017-11-12,Half1,2493.0,no_play,8,37.0
387868,2017,ATL,DAL,4.0,2017-11-12,Half1,2489.0,no_play,18,47.0
387869,2017,ATL,DAL,4.0,2017-11-12,Half1,2466.0,punt,13,42.0
387878,2017,ATL,DAL,4.0,2017-11-12,Half1,2227.0,punt,19,78.0
387883,2017,ATL,DAL,4.0,2017-11-12,Half1,2105.0,punt,16,58.0
387933,2017,ATL,DAL,4.0,2017-11-12,Half2,1054.0,field_goal,18,20.0
387947,2017,ATL,DAL,4.0,2017-11-12,Half2,753.0,punt,19,84.0
387956,2017,ATL,DAL,4.0,2017-11-12,Half2,512.0,field_goal,6,11.0
387970,2017,ATL,DAL,4.0,2017-11-12,Half2,257.0,pass,6,20.0
387977,2017,ATL,DAL,4.0,2017-11-12,Half2,240.0,punt,12,71.0
387986,2017,ATL,DAL,4.0,2017-11-12,Half2,67.0,run,14,31.0
391505,2017,ATL,TB,4.0,2017-11-26,Half1,3290.0,field_goal,4,18.0
391519,2017,ATL,TB,4.0,2017-11-26,Half1,2936.0,field_goal,2,31.0
391526,2017,ATL,TB,4.0,2017-11-26,Half1,2803.0,punt,14,68.0
391531,2017,ATL,TB,4.0,2017-11-26,Half1,2703.0,punt,8,55.0
391535,2017,ATL,TB,4.0,2017-11-26,Half1,2655.0,punt,8,78.0
391545,2017,ATL,TB,4.0,2017-11-26,Half1,2450.0,punt,14,79.0
391571,2017,ATL,TB,4.0,2017-11-26,Half1,1900.0,field_goal,9,9.0
391615,2017,ATL,TB,4.0,2017-11-26,Half2,1057.0,punt,8,49.0
391641,2017,ATL,TB,4.0,2017-11-26,Half2,430.0,pass,1,18.0
391666,2017,ATL,TB,4.0,2017-11-26,Half2,21.0,pass,10,35.0
393967,2017,ATL,MIN,4.0,2017-12-03,Half1,3475.0,punt,3,56.0
393980,2017,ATL,MIN,4.0,2017-12-03,Half1,3145.0,pass,2,39.0
393985,2017,ATL,MIN,4.0,2017-12-03,Half1,3029.0,field_goal,6,20.0
393996,2017,ATL,MIN,4.0,2017-12-03,Half1,2802.0,punt,19,48.0
394000,2017,ATL,MIN,4.0,2017-12-03,Half1,2713.0,punt,4,92.0
394022,2017,ATL,MIN,4.0,2017-12-03,Half1,2151.0,field_goal,5,18.0
394028,2017,ATL,MIN,4.0,2017-12-03,Half1,2040.0,punt,14,79.0
394035,2017,ATL,MIN,4.0,2017-12-03,Half1,1912.0,punt,4,51.0
394053,2017,ATL,MIN,4.0,2017-12-03,Half2,1621.0,field_goal,3,29.0
394059,2017,ATL,MIN,4.0,2017-12-03,Half2,1488.0,punt,13,73.0
394064,2017,ATL,MIN,4.0,2017-12-03,Half2,1408.0,no_play,8,55.0
394065,2017,ATL,MIN,4.0,2017-12-03,Half2,1400.0,punt,18,65.0
394088,2017,ATL,MIN,4.0,2017-12-03,Half2,807.0,punt,6,73.0
394095,2017,ATL,MIN,4.0,2017-12-03,Half2,582.0,punt,22,75.0
394105,2017,ATL,MIN,4.0,2017-12-03,Half2,304.0,field_goal,4,27.0
396550,2017,ATL,NO,4.0,2017-12-07,Half1,3292.0,field_goal,14,16.0
396561,2017,ATL,NO,4.0,2017-12-07,Half1,3037.0,field_goal,5,10.0
396569,2017,ATL,NO,4.0,2017-12-07,Half1,2841.0,punt,4,53.0
396573,2017,ATL,NO,4.0,2017-12-07,Half1,2782.0,punt,4,75.0
396581,2017,ATL,NO,4.0,2017-12-07,Half1,2585.0,punt,7,45.0
396641,2017,ATL,NO,4.0,2017-12-07,Half2,1387.0,punt,6,79.0
396647,2017,ATL,NO,4.0,2017-12-07,Half2,1172.0,punt,14,58.0
396651,2017,ATL,NO,4.0,2017-12-07,Half2,1033.0,punt,14,80.0
396674,2017,ATL,NO,4.0,2017-12-07,Half2,473.0,punt,13,71.0
396682,2017,ATL,NO,4.0,2017-12-07,Half2,234.0,field_goal,11,34.0
396691,2017,ATL,NO,4.0,2017-12-07,Half2,115.0,run,1,24.0
405050,2017,ATL,CAR,4.0,2017-12-31,Half1,3272.0,punt,12,77.0
405058,2017,ATL,CAR,4.0,2017-12-31,Half1,3072.0,punt,6,57.0
405065,2017,ATL,CAR,4.0,2017-12-31,Half1,2941.0,punt,10,54.0
405071,2017,ATL,CAR,4.0,2017-12-31,Half1,2803.0,punt,9,50.0
405077,2017,ATL,CAR,4.0,2017-12-31,Half1,2694.0,punt,14,82.0
405081,2017,ATL,CAR,4.0,2017-12-31,Half1,2545.0,punt,1,79.0
405085,2017,ATL,CAR,4.0,2017-12-31,Half1,2484.0,punt,10,60.0
405091,2017,ATL,CAR,4.0,2017-12-31,Half1,2364.0,punt,10,65.0
405105,2017,ATL,CAR,4.0,2017-12-31,Half1,1920.0,run,1,19.0
405126,2017,ATL,CAR,4.0,2017-12-31,Half2,1721.0,punt,4,72.0
405140,2017,ATL,CAR,4.0,2017-12-31,Half2,1295.0,field_goal,10,12.0
405150,2017,ATL,CAR,4.0,2017-12-31,Half2,1129.0,field_goal,7,24.0
405155,2017,ATL,CAR,4.0,2017-12-31,Half2,1069.0,punt,3,68.0
405164,2017,ATL,CAR,4.0,2017-12-31,Half2,855.0,field_goal,1,12.0
405172,2017,ATL,CAR,4.0,2017-12-31,Half2,638.0,field_goal,6,24.0
405181,2017,ATL,CAR,4.0,2017-12-31,Half2,403.0,field_goal,14,38.0
405187,2017,ATL,CAR,4.0,2017-12-31,Half2,332.0,punt,14,79.0
405192,2017,ATL,CAR,4.0,2017-12-31,Half2,269.0,punt,6,66.0
405198,2017,ATL,CAR,4.0,2017-12-31,Half2,151.0,field_goal,2,15.0
411011,2018,ATL,CAR,4.0,2018-09-16,Half1,3400.0,field_goal,3,36.0
411023,2018,ATL,CAR,4.0,2018-09-16,Half1,3046.0,field_goal,5,26.0
411029,2018,ATL,CAR,4.0,2018-09-16,Half1,2904.0,punt,20,85.0
411036,2018,ATL,CAR,4.0,2018-09-16,Half1,2718.0,punt,11,64.0
411044,2018,ATL,CAR,4.0,2018-09-16,Half1,2542.0,run,4,33.0
411074,2018,ATL,CAR,4.0,2018-09-16,Half1,1912.0,punt,14,68.0
411093,2018,ATL,CAR,4.0,2018-09-16,Half2,1677.0,punt,2,90.0
411110,2018,ATL,CAR,4.0,2018-09-16,Half2,1243.0,punt,12,47.0
411118,2018,ATL,CAR,4.0,2018-09-16,Half2,1013.0,punt,4,42.0
411151,2018,ATL,CAR,4.0,2018-09-16,Half2,250.0,punt,5,48.0
411165,2018,ATL,CAR,4.0,2018-09-16,Half2,120.0,punt,1,66.0
413845,2018,ATL,NO,4.0,2018-09-23,Half1,3333.0,punt,5,70.0
413849,2018,ATL,NO,4.0,2018-09-23,Half1,3241.0,punt,1,70.0
413873,2018,ATL,NO,4.0,2018-09-23,Half1,2695.0,punt,8,44.0
413878,2018,ATL,NO,4.0,2018-09-23,Half1,2530.0,punt,13,72.0
413885,2018,ATL,NO,4.0,2018-09-23,Half1,2383.0,field_goal,4,31.0
413891,2018,ATL,NO,4.0,2018-09-23,Half1,2282.0,punt,9,57.0
413902,2018,ATL,NO,4.0,2018-09-23,Half1,1989.0,field_goal,3,3.0
413914,2018,ATL,NO,4.0,2018-09-23,Half1,1906.0,punt,15,61.0
413919,2018,ATL,NO,4.0,2018-09-23,Half1,1847.0,punt,5,86.0
413941,2018,ATL,NO,4.0,2018-09-23,Half2,1511.0,punt,10,75.0
413946,2018,ATL,NO,4.0,2018-09-23,Half2,1430.0,punt,13,56.0
413979,2018,ATL,NO,4.0,2018-09-23,Half2,603.0,pass,1,1.0
413987,2018,ATL,NO,4.0,2018-09-23,Half2,428.0,no_play,9,11.0
414012,2018,ATL,NO,4.0,2018-09-23,Half2,25.0,punt,4,56.0
416687,2018,ATL,CIN,4.0,2018-09-30,Half1,2926.0,pass,5,44.0
416758,2018,ATL,CIN,4.0,2018-09-30,Half2,1696.0,punt,16,81.0
416763,2018,ATL,CIN,4.0,2018-09-30,Half2,1585.0,field_goal,10,10.0
416774,2018,ATL,CIN,4.0,2018-09-30,Half2,1367.0,punt,18,39.0
416780,2018,ATL,CIN,4.0,2018-09-30,Half2,1203.0,punt,3,70.0
416809,2018,ATL,CIN,4.0,2018-09-30,Half2,503.0,field_goal,14,18.0
416824,2018,ATL,CIN,4.0,2018-09-30,Half2,266.0,no_play,19,19.0
416825,2018,ATL,CIN,4.0,2018-09-30,Half2,258.0,field_goal,14,14.0
